--
-- PostgreSQL database dump
--

-- Dumped from database version 11.5
-- Dumped by pg_dump version 11.5

-- Started on 2020-01-16 22:04:12

SET statement_timeout = 0;
SET lock_timeout = 0;
SET idle_in_transaction_session_timeout = 0;
SET client_encoding = 'UTF8';
SET standard_conforming_strings = on;
SELECT pg_catalog.set_config('search_path', '', false);
SET check_function_bodies = false;
SET xmloption = content;
SET client_min_messages = warning;
SET row_security = off;

--
-- TOC entry 2906 (class 1262 OID 16835)
-- Name: Laboratory_1; Type: DATABASE; Schema: -; Owner: postgres
--

CREATE DATABASE "Laboratory_1" WITH TEMPLATE = template0 ENCODING = 'UTF8' LC_COLLATE = 'Russian_Russia.1251' LC_CTYPE = 'Russian_Russia.1251';


ALTER DATABASE "Laboratory_1" OWNER TO postgres;

\connect "Laboratory_1"

SET statement_timeout = 0;
SET lock_timeout = 0;
SET idle_in_transaction_session_timeout = 0;
SET client_encoding = 'UTF8';
SET standard_conforming_strings = on;
SELECT pg_catalog.set_config('search_path', '', false);
SET check_function_bodies = false;
SET xmloption = content;
SET client_min_messages = warning;
SET row_security = off;

--
-- TOC entry 2900 (class 0 OID 18209)
-- Dependencies: 210
-- Data for Name: check_name; Type: TABLE DATA; Schema: public; Owner: postgres
--

COPY public.check_name (student_id, first_name, last_name) FROM stdin;
\.


--
-- TOC entry 2891 (class 0 OID 17265)
-- Dependencies: 200
-- Data for Name: groups; Type: TABLE DATA; Schema: public; Owner: postgres
--

COPY public.groups (id, name, index) FROM stdin;
1	IU	1
2	IU	2
3	IU	3
4	IU	4
5	IU	5
6	IU	6
7	IU	7
8	IU	8
9	IU	9
10	MT	1
11	MT	2
12	MT	3
13	MT	4
14	MT	5
15	MT	6
16	MT	7
17	MT	8
18	MT	9
19	SM	1
20	SM	2
21	SM	3
22	SM	4
23	SM	5
24	SM	6
25	SM	7
26	SM	8
27	SM	9
28	FN	1
29	FN	2
30	FN	3
31	FN	4
32	FN	5
33	FN	6
34	FN	7
35	FN	8
36	FN	9
37	R	1
38	R	2
39	R	3
40	R	4
41	R	5
42	R	6
43	R	7
44	R	8
45	R	9
46	RK	1
47	RK	2
48	RK	3
49	RK	4
50	RK	5
51	RK	6
52	RK	7
53	RK	8
54	RK	9
55	IBM	1
56	IBM	2
57	IBM	3
58	IBM	4
59	IBM	5
60	IBM	6
61	IBM	7
62	IBM	8
63	IBM	9
64	JUR	1
65	JUR	2
66	JUR	3
67	JUR	4
68	JUR	5
69	JUR	6
70	JUR	7
71	JUR	8
72	JUR	9
73	RL	1
74	RL	2
75	RL	3
76	RL	4
77	RL	5
78	RL	6
79	RL	7
80	RL	8
81	RL	9
82	RL	1
83	RL	2
84	RL	3
85	RL	4
86	RL	5
87	RL	6
88	RL	7
89	RL	8
90	RL	9
91	BMT	1
92	BMT	2
93	BMT	3
94	BMT	4
95	BMT	5
96	BMT	6
97	BMT	7
98	BMT	8
99	BMT	9
\.


--
-- TOC entry 2893 (class 0 OID 17275)
-- Dependencies: 202
-- Data for Name: marks; Type: TABLE DATA; Schema: public; Owner: postgres
--

COPY public.marks (id, date, mark, student_id, subject_id) FROM stdin;
1	2019-01-13	4	855	28
2	2019-07-24	3	111	31
3	2019-03-04	3	186	7
4	2018-12-03	2	40	14
5	2018-11-26	5	377	17
6	2019-07-03	5	538	8
7	2019-08-04	5	871	30
8	2019-09-30	2	498	18
9	2019-06-13	4	722	25
10	2019-01-20	5	518	7
11	2019-07-17	3	932	27
12	2019-08-21	5	985	7
13	2018-11-05	4	756	16
14	2019-01-18	2	608	10
15	2019-07-29	4	868	9
16	2019-06-05	5	211	15
17	2019-05-10	2	682	3
18	2019-05-25	3	369	25
19	2019-04-02	5	638	29
20	2019-03-21	4	978	23
21	2019-04-15	3	7	9
22	2019-01-03	3	38	20
23	2019-06-25	3	661	9
24	2019-05-20	3	939	8
25	2019-05-20	4	556	24
26	2019-08-02	5	899	19
27	2019-05-04	4	41	31
28	2019-02-19	2	324	17
29	2019-05-19	5	379	27
30	2019-07-28	5	1000	19
31	2019-04-01	5	706	10
32	2019-09-12	5	381	16
33	2019-06-06	5	74	32
34	2019-02-07	2	141	17
35	2019-05-12	5	367	30
36	2019-04-28	5	78	13
37	2019-05-14	5	3	1
38	2018-11-21	4	96	10
39	2019-05-18	4	632	31
40	2019-10-09	3	754	3
41	2019-03-30	2	572	20
42	2019-07-10	2	64	8
43	2019-01-06	3	321	18
44	2019-08-23	4	156	25
45	2019-03-05	3	496	32
46	2019-09-03	2	713	19
47	2019-10-11	4	706	8
48	2018-11-26	3	465	27
49	2019-06-17	4	920	10
50	2019-09-27	5	51	23
51	2019-04-17	4	297	4
52	2019-04-20	3	793	8
53	2018-11-25	2	233	8
54	2018-10-29	3	923	24
55	2019-09-20	4	340	31
56	2019-09-17	5	177	11
57	2019-08-02	5	998	6
58	2019-02-16	4	374	30
59	2019-08-27	3	372	8
60	2019-06-19	4	297	9
61	2019-05-16	3	424	30
62	2019-08-07	5	832	31
63	2019-10-17	3	913	9
64	2019-03-08	3	83	2
65	2019-04-01	3	960	27
66	2019-06-21	4	709	3
67	2019-02-16	5	309	2
68	2019-10-05	4	138	5
69	2019-09-28	3	696	9
70	2019-04-08	3	93	27
71	2019-10-11	3	142	21
72	2019-06-17	5	859	4
73	2019-02-19	3	98	18
74	2018-12-02	2	806	14
75	2019-03-21	4	45	6
76	2019-05-29	2	732	27
77	2019-10-08	2	649	5
78	2019-09-25	2	131	16
79	2018-12-27	4	846	5
80	2019-10-17	5	404	12
81	2019-07-16	3	568	21
82	2019-06-27	3	643	9
83	2019-09-14	4	220	26
84	2019-05-29	2	908	19
85	2019-07-24	5	615	6
86	2019-05-03	4	228	11
87	2019-04-01	2	660	4
88	2019-05-29	2	620	20
89	2019-03-22	4	124	6
90	2019-10-18	5	642	13
91	2018-11-09	5	310	17
92	2018-11-12	3	427	31
93	2019-02-18	4	922	13
94	2019-01-12	5	381	31
95	2019-01-03	5	549	3
96	2019-01-06	2	551	15
97	2019-01-11	2	245	9
98	2019-03-01	3	37	28
99	2018-12-06	3	328	5
100	2018-12-14	5	734	5
101	2019-09-20	4	143	18
102	2019-07-24	3	341	5
103	2018-11-07	3	628	2
104	2019-04-22	2	638	1
105	2019-08-22	4	516	29
106	2019-10-06	2	980	8
107	2019-09-26	4	313	28
108	2019-10-17	3	782	2
109	2019-04-19	5	193	21
110	2019-06-17	3	513	21
111	2019-09-24	2	726	13
112	2019-10-08	2	989	7
113	2019-04-15	3	976	14
114	2019-04-10	3	560	13
115	2019-02-28	5	3	30
116	2018-12-24	4	661	23
117	2019-01-16	3	198	18
118	2019-02-22	3	575	31
119	2018-12-26	5	831	6
120	2019-03-27	2	596	2
121	2018-11-27	5	772	12
122	2019-02-18	5	187	7
123	2019-09-15	4	690	11
124	2019-01-28	2	308	32
125	2019-02-18	4	201	27
126	2019-10-14	5	475	3
127	2019-07-15	3	619	10
128	2019-09-01	3	126	18
129	2019-08-04	2	815	23
130	2019-05-28	3	529	2
131	2019-06-24	5	23	17
132	2018-11-11	3	568	11
133	2019-07-01	5	162	13
134	2019-08-12	3	707	13
135	2019-02-20	4	955	9
136	2019-01-08	3	481	10
137	2019-10-10	3	62	1
138	2019-05-20	5	314	5
139	2019-05-04	2	897	4
140	2019-08-24	3	122	14
141	2019-06-16	2	932	25
142	2019-03-06	5	537	7
143	2019-03-28	3	50	3
144	2018-12-27	3	211	1
145	2019-05-20	4	347	30
146	2018-10-21	3	695	23
147	2018-11-12	5	422	31
148	2018-12-19	3	266	16
149	2019-09-29	3	548	25
150	2019-10-10	5	335	31
151	2019-08-15	4	807	16
152	2019-05-26	5	295	31
153	2019-07-16	5	536	16
154	2019-04-16	5	368	28
155	2019-05-09	3	369	20
156	2019-06-19	5	830	13
157	2019-05-01	4	808	13
158	2019-09-06	2	49	13
159	2019-04-19	4	192	8
160	2019-03-20	4	231	26
161	2019-09-20	3	746	13
162	2019-10-07	3	155	4
163	2019-05-29	2	370	17
164	2019-08-16	5	653	10
165	2019-01-04	2	500	17
166	2018-11-02	2	66	23
167	2018-11-12	5	746	11
168	2019-03-19	5	317	6
169	2019-08-12	2	896	9
170	2019-06-21	4	606	11
171	2019-03-13	4	295	6
172	2019-06-16	4	984	2
173	2019-06-30	3	738	17
174	2019-04-20	5	750	21
175	2019-07-08	2	525	10
176	2018-12-08	4	623	15
177	2019-10-17	4	75	7
178	2019-04-12	2	260	28
179	2019-02-28	5	119	3
180	2019-02-10	4	527	24
181	2019-06-07	5	165	24
182	2018-11-27	5	583	2
183	2019-08-16	5	25	6
184	2019-06-05	2	8	22
185	2019-08-07	4	327	29
186	2018-12-02	2	772	2
187	2019-08-26	5	83	25
188	2019-08-06	2	572	31
189	2019-06-09	3	482	24
190	2019-05-03	4	698	27
191	2019-05-15	3	344	31
192	2019-05-18	5	995	7
193	2019-08-05	2	977	7
194	2019-04-10	2	191	14
195	2019-07-31	4	96	15
196	2019-03-28	3	658	8
197	2019-09-25	4	870	4
198	2019-04-07	4	381	27
199	2019-08-28	4	570	3
200	2019-05-04	3	991	18
201	2019-07-03	3	245	23
202	2019-05-23	4	733	12
203	2019-09-05	2	816	31
204	2018-10-19	2	811	17
205	2018-12-16	5	346	8
206	2018-12-01	2	527	5
207	2019-08-18	4	875	24
208	2019-09-25	5	679	31
209	2019-03-15	2	937	4
210	2019-09-22	5	146	29
211	2019-08-26	5	849	21
212	2019-08-29	4	381	8
213	2018-11-01	4	836	5
214	2019-08-01	4	446	29
215	2019-07-17	5	27	12
216	2019-05-17	4	863	8
217	2018-11-09	3	122	6
218	2019-06-18	5	988	30
219	2018-12-17	5	187	3
220	2019-09-27	2	361	21
221	2018-12-07	4	573	9
222	2019-07-19	5	975	29
223	2019-03-09	2	158	24
224	2019-09-26	3	532	14
225	2019-09-20	4	149	9
226	2019-10-03	4	745	6
227	2019-07-25	5	872	10
228	2019-08-10	4	531	10
229	2019-07-10	4	542	27
230	2019-04-08	5	60	28
231	2019-02-20	4	612	23
232	2018-12-15	3	470	8
233	2019-04-08	3	432	1
234	2019-09-08	4	856	30
235	2019-04-11	2	201	28
236	2018-12-09	3	877	9
237	2019-06-04	4	765	4
238	2019-01-25	5	623	14
239	2018-11-29	3	687	7
240	2019-05-08	3	636	32
241	2019-02-12	3	573	30
242	2019-09-16	3	101	8
243	2018-12-11	4	455	14
244	2018-12-04	2	597	10
245	2018-11-06	5	303	31
246	2019-03-01	2	884	17
247	2018-10-24	5	883	10
248	2019-02-08	3	455	13
249	2018-11-30	4	148	22
250	2019-04-29	4	765	24
251	2019-03-09	4	55	12
252	2019-04-23	5	527	17
253	2019-04-25	5	604	1
254	2018-11-07	4	519	9
255	2019-02-10	5	53	16
256	2019-06-18	5	251	29
257	2019-04-20	2	9	2
258	2018-12-02	4	520	15
259	2019-08-13	2	115	9
260	2018-11-13	5	989	12
261	2019-08-29	2	324	23
262	2019-05-03	5	329	18
263	2018-11-22	3	393	3
264	2019-10-11	2	63	30
265	2019-07-19	5	834	31
266	2018-11-16	4	756	5
267	2019-04-23	4	683	25
268	2019-06-08	5	37	12
269	2018-12-21	3	996	31
270	2019-02-09	2	370	14
271	2019-05-09	5	545	15
272	2018-12-24	5	909	8
273	2019-08-03	2	287	3
274	2018-11-04	3	693	30
275	2018-12-27	4	989	25
276	2019-07-17	5	980	21
277	2019-05-11	4	111	5
278	2019-05-31	4	363	30
279	2019-09-04	4	435	18
280	2019-02-20	3	144	32
281	2019-10-11	4	282	19
282	2019-06-26	5	655	20
283	2018-11-17	4	438	21
284	2019-01-29	2	69	20
285	2019-06-10	5	559	11
286	2019-09-14	2	401	13
287	2019-03-02	4	64	2
288	2019-07-24	4	987	8
289	2018-11-01	2	378	3
290	2019-06-07	5	721	9
291	2018-11-08	4	139	3
292	2019-04-06	3	666	17
293	2019-07-10	3	232	30
294	2019-05-20	2	857	9
295	2018-12-29	5	597	20
296	2019-07-24	5	336	15
297	2019-06-04	5	343	26
298	2019-06-22	3	842	23
299	2019-04-01	3	899	20
300	2018-10-28	3	782	29
301	2018-11-12	2	329	3
302	2019-03-06	3	604	5
303	2018-12-07	2	832	15
304	2019-07-12	4	429	16
305	2018-12-23	3	227	5
306	2019-02-19	5	908	31
307	2019-01-23	4	827	29
308	2019-02-06	2	161	28
309	2018-11-12	5	316	23
310	2019-03-01	4	114	11
311	2019-01-14	5	592	18
312	2019-04-28	4	524	27
313	2019-03-09	4	232	26
314	2019-05-04	2	332	18
315	2019-03-05	3	293	30
316	2019-03-29	5	382	14
317	2019-06-01	4	946	29
318	2019-03-09	5	370	12
319	2019-10-17	5	340	10
320	2019-09-17	3	532	19
321	2019-09-16	2	262	24
322	2019-09-11	2	821	4
323	2019-08-03	3	372	5
324	2019-09-12	2	404	32
325	2019-06-28	4	847	29
326	2019-07-27	4	67	18
327	2019-05-30	4	567	15
328	2018-12-23	5	18	27
329	2019-03-18	4	73	17
330	2018-11-10	3	5	22
331	2019-06-25	2	517	15
332	2019-10-02	3	771	21
333	2019-03-24	2	983	12
334	2019-04-16	2	426	25
335	2018-10-27	4	757	2
336	2019-10-09	3	274	24
337	2019-06-19	5	303	1
338	2019-01-22	5	461	1
339	2019-08-23	5	759	15
340	2018-11-08	5	719	8
341	2019-01-01	5	781	31
342	2019-07-16	2	291	12
343	2018-11-11	3	740	9
344	2018-11-05	4	455	30
345	2019-05-24	2	403	17
346	2019-08-01	3	630	2
347	2019-03-26	3	661	1
348	2019-08-19	2	910	15
349	2019-08-27	3	612	31
350	2019-09-27	5	616	15
351	2019-01-05	3	805	2
352	2018-11-25	5	879	13
353	2019-02-22	3	345	16
354	2018-11-14	5	540	29
355	2019-08-31	3	150	14
356	2019-05-13	2	498	12
357	2019-02-17	2	437	2
358	2019-05-09	3	586	4
359	2019-05-04	5	906	7
360	2019-02-12	3	72	1
361	2019-09-14	5	264	1
362	2019-09-03	2	686	1
363	2019-08-08	2	897	27
364	2019-03-13	3	962	31
365	2019-02-05	3	614	26
366	2019-04-12	3	479	30
367	2019-01-08	3	303	9
368	2019-06-08	4	917	4
369	2019-01-07	3	428	31
370	2018-12-27	2	587	28
371	2019-03-03	5	28	14
372	2019-09-09	3	759	14
373	2019-04-25	3	603	14
374	2019-06-24	4	188	1
375	2018-10-19	3	142	10
376	2018-12-06	4	299	16
377	2019-03-27	5	502	27
378	2019-01-10	4	875	10
379	2018-12-12	4	854	30
380	2019-02-28	5	609	4
381	2019-07-14	3	734	24
382	2018-12-02	2	890	5
383	2018-11-19	4	392	15
384	2018-12-14	5	912	21
385	2019-07-03	2	941	31
386	2019-05-06	2	921	1
387	2019-01-07	5	976	8
388	2019-04-11	2	297	4
389	2019-08-07	5	491	27
390	2019-09-27	3	613	7
391	2018-10-25	5	315	23
392	2019-07-10	3	754	30
393	2019-07-05	2	83	32
394	2019-02-12	3	656	15
395	2019-08-25	3	683	21
396	2019-08-15	2	582	31
397	2019-07-22	3	398	6
398	2019-08-02	4	854	4
399	2018-11-06	4	234	8
400	2019-03-04	2	967	2
401	2019-08-20	4	462	21
402	2019-04-17	2	899	13
403	2019-02-13	5	488	16
404	2019-01-12	2	293	30
405	2019-03-04	3	411	4
406	2019-02-02	4	947	23
407	2019-05-15	3	54	22
408	2018-10-21	3	710	22
409	2019-08-25	4	627	9
410	2018-12-24	2	317	32
411	2019-09-16	2	414	13
412	2019-08-07	5	630	11
413	2019-08-15	5	253	7
414	2019-04-20	3	711	20
415	2019-03-30	4	834	3
416	2019-08-11	3	482	10
417	2019-01-15	5	327	4
418	2019-08-13	4	752	19
419	2019-01-24	2	211	27
420	2018-12-05	5	317	12
421	2019-08-11	4	174	32
422	2019-01-14	2	211	15
423	2019-01-05	3	36	5
424	2018-12-09	4	819	8
425	2019-09-23	2	503	15
426	2019-09-30	3	646	20
427	2019-02-08	5	637	17
428	2018-12-01	2	256	10
429	2019-02-06	2	404	11
430	2019-06-17	3	503	5
431	2019-01-25	5	829	3
432	2019-08-06	2	150	24
433	2019-01-05	5	692	26
434	2018-10-28	2	737	14
435	2019-07-19	3	515	13
436	2019-03-11	2	930	28
437	2019-07-25	2	108	10
438	2018-12-15	4	356	9
439	2019-08-13	2	906	9
440	2018-11-14	5	978	29
441	2019-07-28	2	84	20
442	2019-05-20	4	355	23
443	2019-01-30	5	134	20
444	2019-09-23	2	670	16
445	2019-04-14	5	989	13
446	2019-07-02	4	63	26
447	2019-09-04	3	245	20
448	2019-02-13	5	819	28
449	2019-05-30	4	576	20
450	2019-02-05	3	880	24
451	2019-09-16	4	738	12
452	2019-10-04	5	968	32
453	2019-05-09	4	722	11
454	2019-07-31	5	86	3
455	2019-08-09	3	544	6
456	2019-09-11	3	356	16
457	2019-07-21	2	265	16
458	2019-03-10	4	895	3
459	2018-12-31	2	322	1
460	2019-02-10	2	545	15
461	2018-10-20	3	856	22
462	2019-02-05	4	472	12
463	2019-04-01	4	787	14
464	2019-07-26	4	76	8
465	2019-02-17	5	804	21
466	2019-01-31	3	270	19
467	2019-05-08	5	200	28
468	2019-06-01	3	996	5
469	2019-10-04	4	332	16
470	2019-04-20	2	166	6
471	2019-05-13	4	464	19
472	2019-05-21	5	752	22
473	2019-03-29	4	221	19
474	2019-03-01	5	423	24
475	2018-10-22	5	100	25
476	2019-03-17	3	176	8
477	2019-02-15	5	822	7
478	2019-04-13	5	744	15
479	2018-11-16	5	114	22
480	2018-12-11	3	310	8
481	2019-07-11	5	144	9
482	2019-04-24	3	673	24
483	2019-06-15	3	569	20
484	2018-12-22	3	619	6
485	2019-01-04	4	878	12
486	2019-01-01	5	883	3
487	2018-12-09	2	340	28
488	2019-01-08	3	267	26
489	2019-06-02	2	529	10
490	2019-03-22	5	391	18
491	2019-08-24	4	553	31
492	2019-04-23	4	800	15
493	2019-06-08	2	238	20
494	2019-02-13	5	357	20
495	2019-03-06	4	655	32
496	2019-03-11	3	311	19
497	2019-08-23	4	984	1
498	2019-02-20	2	317	9
499	2019-01-31	4	363	26
500	2019-02-17	5	87	26
501	2019-06-11	3	994	9
502	2019-01-13	5	4	13
503	2019-06-22	3	747	8
504	2019-01-04	2	828	6
505	2019-08-23	4	432	13
506	2019-01-06	3	131	18
507	2018-12-16	4	391	1
508	2019-04-19	5	792	14
509	2019-10-07	2	951	29
510	2018-11-11	3	59	20
511	2019-09-14	4	330	29
512	2019-04-05	4	918	29
513	2019-04-12	4	314	26
514	2019-04-25	4	833	9
515	2019-02-23	4	304	9
516	2019-05-30	2	654	30
517	2019-10-03	4	555	10
518	2019-03-24	3	421	5
519	2019-04-25	4	84	26
520	2019-08-15	3	449	19
521	2019-04-03	3	592	8
522	2019-05-24	4	349	13
523	2019-04-22	5	774	9
524	2018-12-13	4	413	22
525	2019-01-08	5	492	26
526	2019-09-17	3	517	8
527	2018-11-27	2	203	8
528	2019-09-26	5	616	24
529	2019-02-21	4	288	23
530	2019-08-11	2	351	6
531	2019-07-20	2	175	1
532	2019-04-16	2	505	20
533	2019-01-09	2	139	4
534	2018-11-08	4	800	30
535	2019-06-05	4	351	8
536	2019-09-09	2	413	10
537	2019-04-12	2	679	2
538	2019-02-08	2	288	6
539	2019-03-14	4	744	20
540	2018-11-16	5	894	10
541	2019-05-11	4	571	18
542	2019-04-01	3	367	28
543	2019-08-05	4	137	27
544	2019-08-06	3	40	2
545	2018-11-25	3	260	31
546	2019-03-01	4	648	16
547	2019-06-21	4	17	16
548	2019-02-05	3	548	11
549	2019-06-19	3	306	6
550	2019-08-08	2	527	6
551	2019-09-23	2	480	25
552	2019-07-05	2	791	5
553	2019-05-04	5	507	22
554	2019-07-15	2	522	21
555	2019-07-07	3	901	17
556	2018-12-06	4	200	2
557	2019-03-03	2	612	22
558	2018-12-08	2	463	19
559	2019-09-20	3	670	31
560	2018-11-23	5	973	11
561	2018-12-28	2	952	5
562	2019-08-26	3	755	5
563	2018-12-07	3	605	16
564	2018-11-24	5	940	18
565	2019-07-22	3	454	7
566	2018-12-02	2	992	24
567	2019-02-05	5	257	10
568	2019-08-12	4	71	14
569	2019-07-26	4	91	4
570	2019-03-10	5	186	26
571	2018-11-26	5	374	28
572	2018-12-02	3	815	19
573	2018-11-13	3	43	8
574	2019-06-22	3	184	9
575	2019-09-13	4	124	20
576	2019-09-21	2	299	4
577	2018-11-16	2	596	14
578	2019-09-26	3	819	12
579	2018-10-30	4	925	28
580	2019-01-22	4	615	15
581	2019-06-15	2	726	27
582	2019-03-19	3	524	17
583	2019-03-23	5	389	24
584	2019-08-17	3	98	13
585	2019-10-01	3	32	18
586	2019-03-27	4	735	10
587	2018-11-04	3	462	31
588	2019-06-30	4	268	30
589	2019-01-11	5	381	25
590	2019-03-28	5	469	11
591	2019-08-03	4	262	32
592	2018-11-20	4	361	8
593	2019-08-20	4	694	8
594	2019-09-26	2	576	29
595	2019-08-03	5	280	13
596	2019-05-05	5	787	3
597	2019-10-03	2	17	11
598	2018-12-02	4	871	31
599	2019-07-25	5	971	9
600	2019-05-08	5	994	27
601	2019-08-05	3	152	16
602	2019-05-26	5	538	19
603	2019-08-18	4	209	5
604	2019-10-05	4	579	19
605	2019-03-01	5	492	13
606	2019-08-24	4	35	18
607	2019-09-21	2	90	27
608	2019-01-27	3	63	32
609	2019-06-25	3	892	8
610	2019-09-20	4	550	27
611	2019-10-12	3	469	1
612	2018-10-30	4	928	2
613	2019-07-04	5	958	12
614	2019-07-31	5	154	26
615	2018-12-22	4	453	6
616	2019-06-23	3	966	32
617	2018-12-11	5	524	7
618	2019-06-30	3	884	18
619	2018-10-29	3	457	1
620	2019-05-12	3	663	1
621	2019-06-16	5	925	10
622	2019-07-07	3	713	17
623	2018-12-15	4	792	3
624	2019-07-23	2	861	4
625	2019-07-06	5	220	19
626	2018-11-23	4	837	14
627	2019-07-22	5	895	11
628	2019-03-13	5	57	19
629	2019-10-01	3	784	5
630	2019-04-17	5	598	22
631	2019-10-13	3	17	3
632	2019-08-31	5	981	17
633	2018-10-22	2	783	12
634	2019-01-19	4	355	26
635	2019-02-10	4	644	26
636	2019-01-27	2	828	25
637	2018-12-21	5	742	16
638	2019-09-03	5	125	31
639	2019-09-13	4	475	29
640	2019-04-22	2	792	2
641	2019-07-31	4	294	17
642	2018-12-15	4	421	26
643	2018-11-15	5	103	12
644	2019-07-25	4	623	8
645	2019-05-05	4	255	16
646	2018-10-21	3	919	10
647	2019-10-11	2	815	8
648	2019-08-12	3	987	25
649	2019-05-08	3	669	8
650	2019-05-21	2	996	30
651	2019-07-13	2	783	14
652	2019-10-06	2	905	5
653	2019-03-11	4	862	22
654	2019-09-12	3	428	7
655	2018-10-31	3	643	10
656	2019-07-15	4	917	15
657	2019-06-04	3	224	25
658	2019-04-24	3	410	27
659	2019-07-29	2	887	17
660	2018-10-28	2	486	23
661	2019-04-27	4	726	4
662	2019-10-11	4	82	26
663	2019-08-18	3	421	17
664	2019-10-03	5	398	3
665	2018-12-15	3	204	9
666	2019-03-10	3	128	6
667	2019-03-01	4	654	26
668	2019-01-09	3	597	10
669	2018-12-06	5	401	18
670	2019-04-03	2	102	9
671	2019-03-14	5	345	25
672	2018-11-01	2	365	1
673	2019-08-05	3	550	3
674	2019-04-05	4	56	1
675	2019-01-07	2	9	18
676	2019-02-04	3	530	1
677	2019-04-29	5	574	17
678	2019-08-14	4	752	8
679	2019-08-07	2	428	21
680	2018-11-22	5	958	14
681	2019-04-08	2	360	18
682	2019-01-04	4	810	6
683	2019-10-06	3	925	5
684	2019-08-02	2	807	3
685	2018-11-21	2	790	25
686	2019-03-11	4	638	14
687	2019-10-13	2	329	26
688	2019-06-16	5	356	23
689	2019-02-18	5	324	6
690	2019-05-29	5	283	27
691	2018-12-31	4	942	10
692	2019-05-02	4	611	2
693	2019-01-06	2	794	15
694	2019-01-13	2	436	29
695	2018-11-28	3	280	18
696	2019-10-09	4	827	32
697	2019-05-13	3	143	31
698	2018-11-10	3	368	10
699	2018-11-05	3	423	15
700	2019-03-30	4	792	29
701	2019-08-01	5	548	6
702	2019-04-10	4	319	6
703	2019-04-23	4	147	12
704	2019-06-15	3	861	8
705	2019-03-27	2	985	27
706	2018-11-20	4	548	6
707	2019-09-30	2	691	13
708	2018-11-15	2	784	30
709	2019-08-16	2	877	30
710	2019-04-12	3	281	24
711	2018-12-29	3	979	30
712	2019-05-19	4	102	13
713	2019-05-29	4	805	5
714	2019-03-31	3	572	27
715	2019-08-02	3	7	14
716	2018-11-19	2	45	10
717	2019-04-09	5	341	16
718	2019-10-12	3	320	29
719	2019-08-18	5	561	25
720	2019-06-27	4	264	8
721	2019-06-17	4	292	8
722	2018-10-21	2	381	18
723	2019-03-22	5	662	18
724	2019-09-03	4	806	12
725	2019-04-07	3	751	15
726	2018-12-17	2	70	9
727	2019-10-12	4	28	7
728	2018-12-24	5	72	31
729	2019-09-04	3	286	12
730	2019-01-18	2	174	7
731	2018-12-11	5	634	24
732	2019-02-24	5	81	3
733	2019-03-31	5	137	13
734	2018-11-06	2	171	18
735	2019-07-23	2	772	10
736	2019-02-23	5	155	27
737	2019-08-23	5	493	25
738	2019-06-16	3	311	3
739	2019-09-27	3	584	20
740	2019-07-18	2	629	5
741	2019-06-03	2	352	11
742	2018-12-31	2	782	17
743	2018-12-05	2	598	10
744	2018-11-04	3	61	12
745	2019-01-28	5	245	27
746	2018-11-28	3	455	2
747	2018-12-26	3	881	28
748	2019-02-23	3	39	21
749	2019-04-15	3	966	7
750	2019-10-17	4	690	10
751	2019-01-16	5	591	24
752	2019-05-07	3	391	23
753	2019-02-02	3	684	1
754	2018-11-07	4	196	3
755	2019-07-06	5	194	19
756	2019-05-15	5	656	31
757	2018-12-12	2	138	32
758	2019-02-25	3	861	17
759	2018-12-01	4	419	16
760	2019-10-15	2	387	23
761	2019-02-18	5	408	27
762	2019-04-29	3	423	22
763	2019-03-16	2	836	12
764	2018-12-18	3	287	24
765	2019-05-28	5	185	4
766	2019-08-15	5	797	4
767	2019-04-18	2	5	11
768	2019-06-15	4	192	19
769	2019-02-09	5	223	31
770	2019-01-10	5	662	23
771	2019-05-24	2	780	10
772	2019-02-06	5	189	26
773	2019-10-09	4	17	1
774	2018-12-24	2	984	14
775	2019-07-29	4	90	3
776	2019-06-23	5	949	19
777	2019-02-23	5	253	19
778	2019-07-21	3	753	5
779	2019-08-05	5	296	18
780	2019-08-09	2	333	21
781	2019-03-10	4	241	13
782	2019-07-02	2	298	2
783	2018-11-12	3	621	31
784	2019-03-19	2	946	30
785	2019-01-22	4	55	17
786	2019-04-30	5	573	13
787	2018-10-31	4	555	3
788	2019-02-05	3	972	29
789	2019-03-15	4	907	17
790	2019-02-06	4	463	28
791	2019-03-18	5	315	15
792	2019-04-05	4	502	31
793	2018-12-29	5	388	16
794	2019-09-21	3	817	26
795	2019-08-11	5	109	31
796	2019-06-20	5	861	27
797	2019-08-06	5	503	30
798	2019-03-22	5	996	24
799	2018-11-04	4	589	3
800	2019-08-31	4	73	18
801	2019-06-08	2	511	18
802	2019-03-01	2	500	31
803	2018-12-17	5	259	10
804	2019-07-04	3	282	13
805	2019-05-12	4	77	4
806	2019-05-31	3	848	31
807	2018-12-16	4	170	12
808	2019-01-22	4	617	17
809	2018-10-22	3	55	10
810	2018-11-06	4	666	23
811	2019-02-22	2	610	20
812	2019-02-14	5	45	1
813	2019-10-05	4	623	4
814	2019-05-05	3	126	12
815	2018-11-29	2	685	18
816	2018-12-13	2	740	19
817	2019-10-13	4	811	6
818	2019-03-18	5	479	13
819	2019-03-24	5	650	27
820	2019-10-08	3	508	18
821	2019-09-27	3	280	10
822	2019-01-18	4	382	13
823	2019-04-14	3	730	23
824	2019-01-20	4	101	27
825	2019-03-10	3	574	8
826	2018-12-11	5	391	14
827	2019-01-13	3	837	18
828	2019-08-07	3	725	14
829	2019-10-04	4	711	16
830	2019-06-21	3	836	10
831	2018-10-23	5	345	14
832	2019-07-08	4	535	9
833	2019-04-01	3	187	14
834	2019-08-19	3	28	5
835	2019-03-28	2	479	19
836	2019-01-24	2	326	23
837	2019-05-17	4	79	1
838	2018-12-27	4	154	25
839	2019-07-05	4	102	17
840	2019-04-29	2	167	22
841	2019-09-22	3	613	3
842	2019-04-16	2	995	22
843	2018-11-30	4	561	23
844	2019-02-10	4	378	31
845	2018-12-11	3	354	3
846	2019-05-25	3	537	26
847	2018-11-08	2	644	1
848	2019-04-25	3	299	3
849	2019-05-08	5	622	8
850	2019-03-17	4	496	13
851	2018-11-25	4	911	15
852	2019-02-03	3	951	31
853	2019-06-19	2	474	2
854	2019-09-15	4	895	7
855	2018-11-29	4	17	12
856	2019-10-04	4	504	11
857	2019-01-29	4	366	17
858	2019-04-04	2	180	6
859	2019-02-27	3	195	19
860	2019-09-01	3	312	27
861	2019-10-09	3	128	3
862	2019-10-08	5	211	12
863	2018-12-19	2	832	22
864	2019-06-18	3	337	29
865	2019-03-18	2	172	32
866	2019-05-15	3	63	13
867	2019-09-16	5	345	17
868	2019-05-13	2	103	29
869	2018-11-21	2	899	29
870	2019-09-18	5	778	15
871	2019-09-21	3	958	29
872	2019-09-16	2	707	1
873	2019-02-23	4	170	8
874	2019-04-24	5	223	21
875	2018-11-13	5	48	6
876	2019-01-22	2	788	12
877	2019-01-22	3	1000	30
878	2019-05-20	4	543	10
879	2019-09-09	5	427	3
880	2019-07-24	4	661	13
881	2019-02-23	5	29	30
882	2019-05-25	2	220	30
883	2019-01-24	3	696	17
884	2019-01-13	5	808	22
885	2018-11-20	2	21	23
886	2019-01-18	4	358	9
887	2019-08-12	4	922	19
888	2019-02-20	5	300	22
889	2019-09-18	5	381	18
890	2019-06-23	4	715	17
891	2019-08-08	2	944	18
892	2019-04-09	4	664	31
893	2019-04-11	2	368	4
894	2019-05-20	2	620	7
895	2019-01-17	2	859	22
896	2019-08-07	2	704	14
897	2019-10-17	4	810	18
898	2019-02-27	5	767	6
899	2018-11-01	3	644	1
900	2019-04-25	2	665	9
901	2018-11-06	5	764	29
902	2019-08-02	3	179	6
903	2019-06-28	2	755	17
904	2018-11-23	2	289	25
905	2019-01-15	5	957	16
906	2018-12-17	5	229	20
907	2019-04-04	3	260	9
908	2018-12-29	5	975	20
909	2019-03-20	3	785	21
910	2018-12-06	4	273	6
911	2019-06-27	2	942	30
912	2019-10-05	3	189	22
913	2019-07-17	4	324	2
914	2019-08-07	4	757	12
915	2019-08-22	2	549	15
916	2018-11-02	4	652	19
917	2019-01-05	3	124	13
918	2019-05-08	4	695	31
919	2018-12-24	3	631	13
920	2019-06-05	5	935	2
921	2019-08-07	5	345	30
922	2019-07-25	4	340	24
923	2019-06-20	5	441	4
924	2019-02-12	5	411	14
925	2019-06-17	5	786	28
926	2019-08-03	2	343	20
927	2019-01-05	2	563	27
928	2019-09-20	5	900	9
929	2018-12-19	2	214	15
930	2019-10-02	2	20	21
931	2019-01-15	2	992	9
932	2019-04-11	3	703	14
933	2019-03-20	5	60	27
934	2019-01-26	4	255	25
935	2019-04-22	2	976	7
936	2019-02-21	5	817	4
937	2018-12-03	4	330	32
938	2018-11-13	5	187	19
939	2018-11-06	2	32	28
940	2018-10-21	3	460	5
941	2019-04-11	3	422	20
942	2019-07-03	5	824	9
943	2018-12-13	5	354	7
944	2019-02-18	4	297	20
945	2019-09-24	2	681	14
946	2019-08-19	3	949	13
947	2019-03-03	4	529	5
948	2018-11-21	2	589	7
949	2018-12-13	3	665	20
950	2019-07-25	4	457	9
951	2019-01-24	2	871	25
952	2019-09-20	4	550	21
953	2019-06-12	3	33	24
954	2019-07-10	2	722	24
955	2019-01-11	2	445	16
956	2019-08-20	5	673	9
957	2019-09-21	2	110	6
958	2019-02-02	4	547	9
959	2019-06-03	5	968	26
960	2019-06-28	2	924	9
961	2018-12-20	2	83	20
962	2019-02-17	5	449	15
963	2019-05-30	3	441	22
964	2019-02-11	4	994	22
965	2019-08-19	5	862	32
966	2018-10-31	3	146	2
967	2019-05-16	4	833	8
968	2018-11-07	3	815	17
969	2019-01-28	4	194	7
970	2019-02-24	3	845	6
971	2019-07-27	5	284	27
972	2019-09-20	5	614	29
973	2019-02-12	4	433	32
974	2019-08-29	5	788	13
975	2019-04-14	5	862	26
976	2019-02-24	3	373	32
977	2019-08-04	5	814	11
978	2019-07-18	2	346	13
979	2019-06-09	2	22	30
980	2019-07-16	3	313	8
981	2019-08-29	3	676	30
982	2018-11-07	5	349	4
983	2019-06-10	4	213	13
984	2018-12-06	2	788	12
985	2018-11-28	3	689	19
986	2019-08-01	2	912	25
987	2019-03-28	3	276	32
988	2019-09-08	3	401	30
989	2019-03-14	2	166	32
990	2018-11-23	5	686	14
991	2018-11-11	2	519	22
992	2019-07-12	4	372	26
993	2019-09-04	3	454	5
994	2019-01-09	3	747	8
995	2018-12-25	2	654	32
996	2019-01-26	4	8	25
997	2019-06-20	4	878	22
998	2018-10-26	3	636	27
999	2019-01-01	5	992	8
1000	2019-08-25	5	645	6
\.


--
-- TOC entry 2897 (class 0 OID 18003)
-- Dependencies: 206
-- Data for Name: student_approval; Type: TABLE DATA; Schema: public; Owner: postgres
--

COPY public.student_approval (student_id, name) FROM stdin;
1	kledji jatagani
\.


--
-- TOC entry 2898 (class 0 OID 18019)
-- Dependencies: 208
-- Data for Name: student_audit; Type: TABLE DATA; Schema: public; Owner: postgres
--

COPY public.student_audit (operation, stamp, userid, student_name) FROM stdin;
I	2019-12-24 13:53:11.286356	postgres	mami papi
I	2019-12-24 18:23:22.605127	postgres	TRISHANK SINGH
\.


--
-- TOC entry 2889 (class 0 OID 17255)
-- Dependencies: 198
-- Data for Name: students; Type: TABLE DATA; Schema: public; Owner: postgres
--

COPY public.students (id, first_name, last_name, s_group, gender) FROM stdin;
1420	kledji	jatagani	45	m
162	Cary	Newell	38	f
1421	mami	papi	12	m
471	Avrit	Jecks	69	f
2000	TRISHANK	SINGH	16	m
1	Bryce	Atherton	11	f
2	Jewell	McGriele	9	f
3	Lorain	Haack	83	f
4	Nickie	Ruggen	83	f
5	Gal	Gaynes	90	f
6	Elsworth	Goranov	66	f
7	Adria	Akrigg	35	f
8	Olly	Ianizzi	30	f
9	Olimpia	Ennor	95	f
10	Vivyan	Stears	37	f
11	Vonni	Clardge	93	f
12	Doloritas	Banks	20	f
13	Noll	Leafe	31	f
14	Errick	Biffen	89	f
15	Cooper	Hogben	36	f
16	Alfy	Brack	7	f
17	Lena	D'Ugo	68	f
18	Kevina	Minchin	63	f
19	Brooks	Renahan	41	f
20	Laurene	Escale	21	f
21	Melodee	Hugueville	56	f
22	Willetta	Blockey	68	f
23	Gertrud	Starzaker	21	f
24	Ives	Derye-Barrett	69	f
25	Sly	Fessby	23	f
26	Philippa	Tunnock	58	f
27	Siana	Mullen	28	f
28	Latia	Dwyr	94	f
29	Hamnet	Hollindale	53	f
30	Claudian	Prahl	83	f
31	Sharona	Cejka	86	f
32	Adriane	Strathearn	8	f
33	Bernarr	Bortolotti	55	f
34	Christiane	Boatman	50	f
35	Olenka	Bain	65	f
36	Broderick	Fawdery	65	f
37	Bellanca	Bloxam	41	f
38	Rosemonde	Laughton	44	f
39	Rosalyn	Rockell	3	f
40	Kattie	Turone	59	f
41	Silvio	Alliston	37	f
42	Norton	Luberti	56	f
43	Evvie	Merrifield	47	f
44	Rustie	Treppas	87	f
45	Waldemar	Derle	68	f
46	Nicolas	Abendroth	51	f
47	Leisha	Petrolli	84	f
48	Atlanta	Ostridge	51	f
49	Xena	Mashal	51	f
50	Sophia	Fison	7	f
51	Guenevere	Dymock	30	f
52	Eartha	Thomsen	43	f
53	Francklin	Shields	81	f
54	Luigi	Ruslin	39	f
55	Pembroke	Whapples	46	f
56	Bernadina	Knight	97	f
57	Toni	Bavister	71	f
58	Aloise	Grzeskowski	38	f
59	Raphael	Knowles	27	f
60	Antonella	Amoss	1	f
61	Hamlin	Easeman	2	f
62	Arlette	Lequeux	22	f
63	Leann	Dowthwaite	47	f
64	Enoch	Giovannardi	11	f
65	Ario	Santi	79	f
66	Nessie	Goadby	49	f
67	Ruby	O'Lennane	17	f
68	Levin	Badby	17	f
69	Nye	Vivian	54	f
70	Ynes	Marcoolyn	30	f
71	Demetria	Bales	71	f
72	Gerek	Cockshott	66	f
73	Ardyth	Palliser	38	f
74	Humfrey	Brislen	53	f
75	Netty	Oleszkiewicz	81	f
76	Faber	Stoneley	38	f
77	Tiena	Darth	53	f
78	Aloin	Presdee	71	f
79	Zilvia	Le Marchand	29	f
80	Conan	Bayly	48	f
81	Diane-marie	Staines	99	f
82	Melessa	Wipper	70	f
83	Eugenio	Gherardi	66	f
84	Jacquelynn	Kach	84	f
85	Gussy	Pouck	38	f
86	Jere	Donohoe	46	f
87	Ruthann	Adolthine	88	f
88	Jonie	Newey	65	f
89	Manny	McCullogh	76	f
90	Berk	Petty	8	f
91	Pollyanna	Ferneyhough	45	f
92	Barrie	Charter	1	f
93	Feodora	Campa	21	f
94	Ami	Fleisch	17	f
95	Cloris	Whiterod	33	f
96	Gisela	Hawkes	41	f
97	Rollie	Haresnaip	81	f
98	Meredeth	Martlew	87	f
99	Merwyn	Robinette	28	f
100	Casey	Slatter	71	f
101	Dorelia	Dunnaway	12	f
102	Arlin	Tidd	6	f
103	Rivi	O'Scanlan	10	f
104	Jen	Crysell	78	f
105	Alva	Struthers	64	f
106	Zorina	Lamb-shine	83	f
107	Lou	Skipper	67	f
108	Sibylla	Grundey	43	f
109	Brigida	Nolan	49	f
110	Michele	Grigoire	11	f
111	Curran	Hobell	58	f
112	Ingra	Filler	12	f
113	Collen	Martinat	76	f
114	Kris	Le Batteur	20	f
115	Grantham	Bewick	97	f
116	Kennie	Esplin	96	f
117	Rosanne	Faulds	3	f
118	Theresa	Clow	42	f
119	Marchelle	Tosdevin	97	f
120	Bea	Goch	27	f
121	Sibel	Leggin	39	f
122	Daveen	Ashbee	32	f
123	Sibel	Halksworth	55	f
124	Di	Belly	93	f
125	Salvatore	Taks	35	f
126	Herschel	Bertholin	85	f
127	Budd	Conklin	48	f
128	Angelle	Grealey	15	f
129	Vera	Dominik	44	f
130	Abby	Pelham	82	f
131	Randi	Coplestone	37	f
132	Dunc	Bispham	42	f
133	Jsandye	Bullen	10	f
134	Pepito	Wigelsworth	36	f
135	Shane	Cleen	21	f
136	Lucie	Wheeldon	40	f
137	Marena	MacAindreis	60	f
138	Dorry	Lalley	62	f
139	Brian	Egginson	79	f
140	Charita	Evelyn	84	f
141	Jarvis	Hardingham	75	f
142	Dorey	Hiddy	37	f
143	Ramonda	Hurtado	81	f
144	Shayla	Burd	32	f
145	Maure	Schulz	48	f
146	Jason	Ravenshaw	86	f
147	Zaria	Bergeon	15	f
148	Wiatt	Varley	55	f
149	Nara	Hoppner	36	f
150	Donny	Allred	44	f
151	Ker	Snowsill	11	f
152	Vitia	Angrove	52	f
153	Dorri	Willcocks	40	f
154	Geraldine	Gave	92	f
155	Chris	Loyley	3	f
156	Susanetta	Schmidt	46	f
157	Isahella	Petera	4	f
158	Lorrayne	Penlington	87	f
159	Templeton	Marfield	88	f
160	Earlie	Berrick	74	f
161	Amye	Buckthorpe	36	f
163	Eduard	McKenna	69	f
164	Decca	Doorey	48	f
165	Odey	Schapiro	75	f
166	Jozef	McGilvary	56	f
167	Marysa	D'Adamo	13	f
168	Debbi	Thay	56	f
169	Aloysia	Sparshatt	30	f
170	Normand	Leversuch	77	f
171	Glenn	Streater	51	f
172	Rochette	McCowen	16	f
173	Windy	Bertomieu	11	f
174	Tiphani	Tinn	9	f
175	Eduardo	Petrak	94	f
176	Harmonia	Spores	70	f
177	Tracie	Mansford	91	f
178	Nettie	Jedrzejewski	30	f
179	Babb	Grishanov	61	f
180	Myriam	Molen	35	f
181	Blanch	Massingberd	10	f
182	Lindi	Waplington	32	f
183	Tiffany	Fargie	76	f
184	Maris	Joseff	58	f
185	Caddric	Tilney	27	f
186	Cesya	Davidof	21	f
187	Irene	Kopps	2	f
188	Raffarty	Gerram	69	f
189	Teressa	Thody	89	f
190	Davis	Hearmon	76	f
191	Haily	Seden	22	f
192	Maria	Muress	77	f
193	Sarine	Minnis	41	f
194	Renie	Van Velden	15	f
195	Ashla	Merrall	69	f
196	Cindra	Iglesiaz	53	f
197	Elisha	Grichukhin	49	f
198	Fallon	Dallimare	88	f
199	Curtis	Robilliard	11	f
200	Luigi	Crane	66	f
201	Lindsay	Hush	80	f
202	Rod	Key	41	f
203	Freemon	Plet	4	f
204	Maurie	Hellwich	30	f
205	Haley	Shelford	7	f
206	Susi	Swenson	88	f
207	Pietro	Stanney	24	f
208	Rina	Frary	26	f
209	Bernard	Carillo	35	f
210	Alysa	Cheverell	32	f
211	Ginger	Matterdace	22	f
212	Edwina	Terrett	4	f
213	Lewie	Vaar	86	f
214	Lavina	Stannas	52	f
215	Tammy	Curry	82	f
216	Claiborne	Cash	72	f
217	Micaela	Gostridge	16	f
218	Merwin	Livett	42	f
219	Daryn	Monger	75	f
220	Nanice	Manoelli	53	f
221	Annmaria	Gabey	30	f
222	Annabela	Curle	83	f
223	Kellyann	Hyams	40	f
224	Raoul	Yeabsley	33	f
225	Karlis	Ruseworth	44	f
226	Cobby	Beautyman	99	f
227	Letizia	Snoday	6	f
228	Dew	Hann	6	f
229	Ira	Thrussell	48	f
230	Deborah	Welchman	24	f
231	Christoph	Danskine	37	f
232	Chickie	O'Ruane	56	f
233	Wanda	Masser	60	f
234	Flint	MacCracken	8	f
235	Madelle	Youel	85	f
236	Jo-ann	Pinor	41	f
237	Sergei	Durnall	6	f
238	Thomas	Coneybeare	67	f
239	Nanon	Drysdell	55	f
240	Jamie	Balaam	56	f
241	Raul	Vidineev	27	f
242	Stevena	Coath	82	f
243	Dane	Blasik	90	f
244	Ethyl	Towndrow	73	f
245	Alyosha	Kynsey	37	f
246	Pier	Staner	37	f
247	Barron	Tomasek	71	f
248	Nefen	Postle	21	f
249	Ailsun	De la Eglise	44	f
250	Katlin	Abrahmson	5	f
251	Brigit	Fingleton	65	f
252	Lian	McCree	39	f
253	Caryl	McCudden	96	f
254	Hedda	Elrick	63	f
255	Sutton	Gowan	65	f
256	Jordan	Grayne	73	f
257	Raquel	Locker	76	f
258	Roxie	Lerwell	77	f
259	Karlan	Phillins	1	f
260	Arin	Petto	44	f
261	Fairfax	Batha	94	f
262	Gino	Doncaster	74	f
263	Deane	Eyes	82	f
264	Kareem	McCreath	56	f
265	Alicea	Hourstan	77	f
266	Maridel	Dudman	16	f
267	Larina	Quarmby	51	f
268	Barton	Dyzart	12	f
269	Richmond	Worsall	91	f
270	Iago	Sowood	60	f
271	Adele	Aitkenhead	23	f
272	Gabrielle	Mallison	80	f
273	Bran	Letty	38	f
274	Godfree	Evensden	26	f
275	Louisa	Cardenosa	22	f
276	Wanda	Stuer	62	f
277	Timi	Mixter	53	f
278	Neilla	Painten	60	f
279	Glynnis	Clink	91	f
280	Celeste	Scocroft	54	f
281	Sabra	Jaxon	95	f
282	Hilarius	Breitling	36	f
283	Edeline	Wearing	58	f
284	Warde	Dadge	27	f
285	Kristen	Holley	72	f
286	Noella	Humfrey	36	f
287	Binnie	Bartocci	30	f
288	Noreen	McCome	55	f
289	Philly	Kealey	90	f
290	Drew	Briscam	40	f
291	Rouvin	Slader	36	f
292	Carolus	Hyne	18	f
293	Ephrayim	Newcomb	9	f
294	Nessy	Fitzharris	80	f
295	Anson	Coonan	85	f
296	Inglis	Shuttleworth	2	f
297	Yolanthe	Code	37	f
298	Kelli	Egginton	40	f
299	Malynda	Jennaway	82	f
300	Kendal	Hambatch	66	f
301	Herve	Seville	80	f
302	Carmencita	Tarren	33	f
303	Eryn	Delafont	86	f
304	Goober	Mandry	77	f
305	Nonnah	Wingrove	35	f
306	Devlen	Hriinchenko	47	f
307	Sammie	Freshwater	41	f
308	Clemmie	Macer	47	f
309	Cecilla	Geeson	18	f
310	Oran	Vellacott	13	f
311	Quincey	Ashpital	46	f
312	Sebastien	Seamer	38	f
313	Marthena	Stubbley	47	f
314	Farleigh	MacTavish	76	f
315	Cullin	Rivalland	50	f
316	Mireille	Bonfield	33	f
317	Onfre	Croke	60	f
318	Petey	Carlens	57	f
319	Maximo	Nosworthy	11	f
320	Leonelle	Ridel	83	f
321	Lydon	Rutherforth	89	f
322	Liane	Lambert-Ciorwyn	30	f
323	Garry	Laverock	72	f
324	Flore	Spillett	94	f
325	Bertrando	Briant	56	f
326	Cymbre	Gwillim	5	f
327	Murdock	Farrand	36	f
328	Gabriel	Paule	95	f
329	Alisa	McAteer	18	f
330	Tobey	Klement	96	f
331	Marrissa	Petrussi	13	f
332	Laraine	Woffinden	21	f
333	Dun	Tomaskunas	5	f
334	Anastassia	Clow	58	f
335	Ebba	Kinchlea	66	f
336	Gaspar	Spofforth	20	f
337	Carole	Hubach	66	f
338	Glyn	Ratlee	90	f
339	Minny	Rahl	15	f
340	Jena	Grimsditch	44	f
341	Corrinne	Casbourne	92	f
342	Miles	Jacobowits	77	f
343	Charlene	Dobrovolny	1	f
344	Maureen	Quirke	54	f
345	Lynn	Labin	2	f
346	Whitney	Kinvan	9	f
347	Kandace	Hornung	66	f
348	Alf	Copner	72	f
349	Zeke	Aldwick	16	f
350	Ewen	Benzies	74	f
351	Levon	Malkie	44	f
352	Mikael	Swiffan	81	f
353	Putnem	Butchers	97	f
354	Tommy	Frankcom	79	f
355	Lil	Witnall	8	f
356	Teresita	Ingreda	70	f
357	Mitzi	Condit	43	f
358	Godart	Tregien	7	f
359	Timothy	O'Riordan	74	f
360	Anita	Giordano	84	f
361	Josie	Andrioletti	40	f
362	Alyosha	Ellaway	45	f
363	Flori	Rolles	3	f
364	Noami	Williamson	92	f
365	Genevra	Dawidowicz	74	f
366	Dominique	Weir	49	f
367	Carole	Paskin	42	f
368	Hermina	Penhearow	17	f
369	Kristoforo	Franzewitch	38	f
370	Lindy	Corbridge	87	f
371	Neila	Mazonowicz	89	f
372	Tamara	Stodart	7	f
373	Constantine	Westmerland	25	f
374	Johanna	Denslow	57	f
375	Oriana	Jendrich	53	f
376	Hastie	Shotbolt	50	f
377	Dorette	Radborne	72	f
378	Marlo	Scutchings	53	f
379	Almeda	Exter	16	f
380	Dorthy	Capel	85	f
381	Addie	Kirgan	77	f
382	Dev	Strafen	53	f
383	Dukie	Wippermann	29	f
384	Monica	Browell	97	f
385	Cyb	Heald	60	f
386	Faulkner	Dearing	85	f
387	Magda	Orrice	17	f
388	Kippy	Odegaard	74	f
389	Kerrin	Warrior	13	f
390	Rebeca	Mathe	55	f
391	Devon	Abry	5	f
392	Peggi	Olenin	17	f
393	Sarita	Lavarack	72	f
394	Rhys	Barukh	83	f
395	Rosco	Presnail	25	f
396	Orlando	Langford	61	f
397	Pammie	Kingsbury	75	f
398	Cullin	Addekin	6	f
399	Stillman	MacAvddy	30	f
400	Abbie	Happer	76	f
401	Colman	Normavell	82	f
402	Sutherlan	Habergham	5	f
403	Gunar	Sellar	85	f
404	Loren	O'Gavin	94	f
405	Jillana	Kays	64	f
406	Pansie	Regi	38	f
407	Wyatt	Rossant	3	f
408	Zeke	Legon	9	f
409	Debera	Eland	4	f
410	Evvy	MacGiany	43	f
411	Philbert	Oxshott	91	f
412	Daile	Cherrison	75	f
413	My	Bankhurst	51	f
414	Sharai	Lipgens	61	f
415	Laney	Cotte	99	f
416	Fionna	Noller	20	f
417	Kristos	Oxtoby	83	f
418	Alysia	Reckus	15	f
419	Melodie	Keeble	28	f
420	Onofredo	Priestley	67	f
421	Roxine	Witcherley	78	f
422	Corette	Telega	17	f
423	Tymothy	Obern	52	f
424	Hank	McCallister	85	f
425	Izzy	Larvin	73	f
426	Othilie	Martindale	87	f
427	Ulla	Belvin	39	f
428	Callida	McGuiness	42	f
429	Willi	Busfield	28	f
430	Caren	Hirsthouse	88	f
431	Ashely	Skidmore	31	f
432	Parry	Denty	92	f
433	Easter	Garbutt	8	f
434	Tobye	Theakston	63	f
435	Lucy	Woodlands	85	f
436	Matthus	Moresby	76	f
437	Gasparo	Dillway	54	f
438	Hendrik	Rey	72	f
439	Farrell	Blenkiron	90	f
440	Nobie	Shearwood	13	f
441	Jacinta	Spofforth	53	f
442	Emalee	Wrigglesworth	23	f
443	Val	Campana	13	f
444	Hermia	Toone	74	f
445	Kip	Kinker	3	f
446	Illa	Metherell	38	f
447	Dennis	Dalglish	25	f
448	Ashleigh	Michelin	17	f
449	Leonore	McCrea	74	f
450	Trixi	Tansly	64	f
451	Hortense	Kuhlmey	56	f
452	Julina	Van Dijk	41	f
453	Arline	Lampen	68	f
454	Marlee	Jessen	70	f
455	Noby	Crosland	98	f
456	Brennen	Ferri	8	f
457	Demetrius	St. Quentin	31	f
458	Bentlee	Carff	28	f
459	Vaughan	Kirgan	51	f
460	Ailsun	Berryann	88	f
461	Jerad	Detloff	6	f
462	Sebastien	Millom	27	f
463	Alida	Markus	58	f
464	Aleda	Ranahan	40	f
465	Skipton	Gatley	40	f
466	Franny	MacPharlain	23	f
467	Roselle	Grandham	45	f
468	Aland	Garbutt	93	f
469	Tessy	Allison	45	f
470	Windham	Musprat	59	f
472	Kelby	Tipler	41	f
473	Waite	Bembridge	85	f
474	Vilhelmina	Hanmer	2	f
475	Melessa	Androsik	7	f
476	Izak	Houltham	72	f
477	Franklyn	Marling	10	f
478	Stephen	Hessentaler	2	f
479	Romeo	Sketch	83	f
480	Amata	Dodle	66	f
481	Cesya	Copperwaite	32	f
482	Lelia	Potapczuk	27	f
483	Adlai	Vance	58	f
484	Augy	Chupin	43	f
485	Yvette	Doog	77	f
486	Jeanette	Everall	43	f
487	Leon	Klaassens	60	f
488	Mela	Knipe	29	f
489	Gus	Renzo	16	f
490	Ernesto	Linnell	93	f
491	Winne	Fairs	35	f
492	Kathryn	Fonso	83	f
493	Mark	Rand	12	f
494	Sauncho	Yurlov	67	f
495	Sascha	Brine	84	f
496	Aura	Groucock	41	f
497	Mollie	McCrainor	50	f
498	Ignaz	Kilmaster	97	f
499	Tamara	Spurrett	52	f
500	Karlene	Jouhan	89	f
501	Kort	Dallicott	40	f
502	Ambros	Kerswell	79	f
503	Johanna	Capps	84	f
504	Abbye	Wastall	8	f
505	Meredeth	Itzkovici	58	f
506	Maggie	Laverty	94	f
507	Ingunna	Prendergast	33	f
508	Dagmar	Colcomb	16	f
509	Marcus	Maskrey	93	f
510	Huntlee	Emm	9	f
511	Hewitt	Godlip	40	f
512	Germaine	Olkowicz	24	f
513	Allys	Goodlip	69	f
514	Trumaine	Newlands	63	f
515	Deonne	Draisey	21	f
516	Carolyn	Pescud	3	f
517	Di	Akrigg	39	f
518	Shaylyn	Jankovsky	45	f
519	Odessa	Hessle	4	f
520	Fee	Alcalde	57	f
521	Lauren	Birkin	96	f
522	Gabe	Leport	70	f
523	Jervis	Tackes	59	f
524	Earl	Hilliam	10	f
525	Antonius	Ivanusyev	70	f
526	Marieann	Selland	30	f
527	Shanon	Gaukroger	82	f
528	Gibbie	Critchard	19	f
529	Adham	Beere	16	f
530	Putnam	Labden	10	f
531	Humfrid	St Ledger	17	f
532	Kristyn	Goch	19	f
533	Broderic	Postins	14	f
534	Nikita	Houlson	29	f
535	Caitrin	Plaunch	39	f
536	Patrizia	Hegges	9	f
537	Ealasaid	Burchnall	62	f
538	Julienne	Auchterlonie	81	f
539	Heywood	Philippault	47	f
540	Vittorio	Dimitriou	79	f
541	Robb	Todhunter	8	f
542	Bank	Josupeit	86	f
543	Godfree	Martinie	98	f
544	Earlie	Walisiak	16	f
545	Nanon	Paddison	74	f
546	Darsie	Garken	18	f
547	Nerita	Krammer	18	f
548	Paige	Campion	13	f
549	Stormie	Yeatman	1	f
550	Rozalie	Junkin	27	f
551	Kellsie	Szymanski	69	f
552	Alanah	Swanson	90	f
553	Waldemar	Fidock	62	f
554	Karlene	Clulee	76	f
555	Almeria	Fealty	13	f
556	Garv	Aucott	80	f
557	Christopher	Reiglar	76	f
558	Cilka	Djorvic	7	f
559	Antonio	Robak	19	f
560	Kiley	Nabbs	40	f
561	Stacie	Rodge	35	f
562	Vale	Minchinton	14	f
563	Allister	Ebbings	97	f
564	Ralph	Bellew	22	f
565	Thatcher	Dows	26	f
566	Algernon	Lindner	91	f
567	Dianna	Royds	15	f
568	Alfy	Olcot	37	f
569	Carver	Mohan	89	f
570	Seward	Robberecht	34	f
571	Jeanette	Curtoys	39	f
572	Stanfield	Arnald	31	f
573	Darcey	Walklot	72	f
574	Kort	Billson	60	f
575	Ignacio	Semmence	88	f
576	Had	Camel	89	f
577	Gram	Elener	15	f
578	Hildegaard	Kisting	30	f
579	Leena	Seed	79	f
580	Keslie	Fylan	96	f
581	Skipton	Damarell	87	f
582	Tan	Formigli	66	f
583	Sophronia	Karczinski	54	f
584	Melodee	Matysiak	29	f
585	Aleksandr	Callum	91	f
586	Jorey	Leppard	52	f
587	Zonda	Gauvin	27	f
588	Cherilyn	Wrightson	23	f
589	Alvina	McAvin	42	f
590	Maryann	Flowerdew	91	f
591	Jessee	Jubert	52	f
592	Joela	Cadalleder	34	f
593	Filberto	Mannagh	86	f
594	Zebulon	Goulter	2	f
595	Seymour	Hardwell	65	f
596	Collete	Sultana	51	f
597	Araldo	Seeking	16	f
598	Renaldo	Kirton	71	f
599	Eolande	Starrs	43	f
600	Tremain	Streeting	17	f
601	Burr	Abdey	25	f
602	Rikki	Braime	7	f
603	Cornelia	Maffioletti	69	f
604	Estrellita	Fawson	14	f
605	Norry	Witcombe	3	f
606	Gladi	Sarl	28	f
607	Rona	Lubeck	36	f
608	Damian	Bustin	88	f
609	Elroy	Eakley	48	f
610	Felicia	Bullick	45	f
611	Anne-marie	Towe	48	f
612	Nalani	Laity	36	f
613	Porter	Serle	67	f
614	Dillon	Mil	9	f
615	Sula	Costall	27	f
616	Susette	Bosma	14	f
617	Jodi	Sabban	42	f
618	Lesley	Cakebread	34	f
619	Paten	Coldtart	73	f
620	Valina	Fieldsend	79	f
621	Gilberto	Semble	67	f
622	Ulrika	Rissen	77	f
623	Jayme	Gudahy	89	f
624	Tedda	Hannibal	13	f
625	Barrie	Lightwing	1	f
626	Halley	Whitwam	32	f
627	Erroll	Burlay	91	f
628	Philomena	Brose	55	f
629	Lurette	Sommersett	71	f
630	Harvey	Coxhead	97	f
631	Falkner	Burder	69	f
632	Arlyne	Wanley	75	f
633	Bernadine	Koche	91	f
634	Letti	Snap	30	f
635	Donn	Vayne	41	f
636	Uta	Astlett	1	f
637	Damon	Ramsdell	42	f
638	Darb	Tattoo	39	f
639	Josefa	Fermer	60	f
640	Kalindi	Ghiroldi	82	f
641	Mufinella	Wasson	88	f
642	Sam	Gatchel	10	f
643	Wait	Newtown	64	f
644	Maurise	Daal	93	f
645	Consolata	Gunn	95	f
646	Janel	Guarin	15	f
647	Forester	Byrd	44	f
648	Janey	Hudel	64	f
649	Wesley	Egalton	70	f
650	Harrietta	Selcraig	56	f
651	Erminie	Paike	26	f
652	Kaylil	Funnell	77	f
653	Sabra	Hadwin	9	f
654	Ursula	Sherwood	66	f
655	Missy	McCullum	79	f
656	Patten	Ebbage	90	f
657	Georgette	Juste	26	f
658	Sydelle	Soots	25	f
659	Zia	Kerbey	30	f
660	Rina	Talman	17	f
661	Esteban	Tregien	20	f
662	Irene	Idill	79	f
663	Ban	Saunier	38	f
664	Leopold	Dumbrell	52	f
665	Shayla	Jeffreys	46	f
666	Adorne	Mullany	7	f
667	Shir	Cookson	11	f
668	Jeffry	Gush	87	f
669	Pyotr	Oller	76	f
670	Jaymie	Maillard	78	f
671	Ardyce	Bonnett	24	f
672	Edythe	Petrillo	76	f
673	Catherin	Royal	61	f
674	Duff	Jenkyn	85	f
675	Curcio	Kornyakov	37	f
676	Giffard	Korf	15	f
677	Patin	Ciccerale	47	f
678	Alister	Grestie	85	f
679	Poppy	Plom	76	f
680	Bat	Makinson	76	f
681	Iorgos	Proby	57	f
682	Dela	Dubble	26	f
683	Tamera	Blackborow	24	f
684	Dion	Teenan	86	f
685	Floria	Drakes	6	f
686	Wilhelm	Mayes	31	f
687	Kermit	Climo	70	f
688	Eve	Spoure	26	f
689	Ana	Klulik	58	f
690	Inga	Quin	78	f
691	Drugi	Kiehne	21	f
692	Audrie	Derwin	79	f
693	Melva	Karolewski	32	f
694	Georgianne	de Verson	91	f
695	Phylys	Gurwood	82	f
696	Casandra	Edlington	87	f
697	Ardelle	Belford	57	f
698	Audi	Juschka	91	f
699	Venus	Nund	74	f
700	Antonius	McKerley	39	f
701	Archibold	Tame	77	f
702	Lief	Wisniewski	13	f
703	Pauli	Sweetenham	29	f
704	Charleen	Kenelin	48	f
705	Aeriell	Mallison	53	f
706	Hulda	Pankettman	37	f
707	Ashlie	Lodge	88	f
708	Mae	Cattow	68	f
709	Nadean	MacCague	25	f
710	Dyann	Edwards	72	f
711	Ignaz	Reddin	25	f
712	Elonore	Campo	46	f
713	Perceval	Insall	37	f
714	Eli	Strutton	91	f
715	Flory	Shrubshall	77	f
716	Burty	Dottrell	36	f
717	Louie	Firsby	14	f
718	Coretta	Ells	78	f
719	Antoinette	Jepps	78	f
720	Ailina	Martinets	7	f
721	Hughie	Ridewood	38	f
722	Moss	Mayou	93	f
723	Georges	Curl	74	f
724	Griff	Anten	44	f
725	Bili	Leming	37	f
726	Horace	Meiklem	75	f
727	Jillie	Haddock	11	f
728	Ada	Point	4	f
729	Jeniffer	Tunnicliffe	87	f
730	Barbabra	MacComiskey	4	f
731	Welby	Tatam	92	f
732	Jodie	Ajam	44	f
733	Pietra	Deluca	77	f
734	Larry	Corneil	63	f
735	Lockwood	Bresnahan	48	f
736	Lola	Darrel	22	f
737	Eldridge	Cottier	13	f
738	Vince	Adamsen	16	f
739	Annis	McNeil	24	f
740	Inesita	Roubay	59	f
741	Adolphus	Morcomb	2	f
742	Diego	Diaper	39	f
743	Sharity	Obeney	70	f
744	Amara	Pheasant	96	f
745	Bette-ann	Swainston	20	f
746	Diarmid	Baudin	98	f
747	Aleda	Gatenby	52	f
748	Carr	Graber	41	f
749	Elroy	Pecha	91	f
750	Harmon	Wittey	21	f
751	Marilyn	Roswarne	3	f
752	Noella	Oliver-Paull	37	f
753	Michel	Rooson	97	f
754	Desdemona	Cockland	96	f
755	Gennifer	Huxtable	48	f
756	Carmine	Lamort	1	f
757	Javier	Harhoff	97	f
758	Zola	Romney	28	f
759	Theo	Pauncefoot	35	f
760	Rachael	Reschke	76	f
761	Glynnis	Clemenza	93	f
762	Ernest	Jagoe	57	f
763	Dorthea	Shooter	88	f
764	Hadleigh	Rustedge	18	f
765	Rusty	Gateshill	18	f
766	Lulu	Ambresin	25	f
767	Sherill	Roddy	47	f
768	Rubin	Bleaden	68	f
769	Jens	Ivankov	9	f
770	Sileas	Cardon	6	f
771	Rivalee	Lashley	6	f
772	Kirsti	Viner	19	f
773	Claudianus	Ales0	12	f
774	Clayton	Sowerbutts	31	f
775	Wilden	Neat	95	f
776	Margi	Gegg	56	f
777	Phillida	Patek	17	f
778	Harwell	Maginn	61	f
779	Jakob	Loadwick	78	f
780	Ondrea	Benduhn	23	f
781	Barnabas	Kondratyuk	92	f
782	Dorree	MacTurlough	4	f
783	Ola	Casa	85	f
784	Betteann	Cropp	80	f
785	Edyth	Gallanders	15	f
786	Greggory	Toope	29	f
787	Kipp	Seedhouse	12	f
788	Jordana	Showering	51	f
789	Andriana	Sedcole	25	f
790	Vickie	Risdale	96	f
791	Gusella	Pither	70	f
792	Aimee	Chennells	17	f
793	Alicea	Purtell	97	f
794	Jere	Edards	58	f
795	Gauthier	Fisbey	92	f
796	Herschel	Frenzel;	80	f
797	Mable	Arstingall	71	f
798	Kirsteni	Waterdrinker	34	f
799	Drucill	Kock	81	f
800	Lazare	Baverstock	21	f
801	Jonas	Pimblotte	97	f
802	Constantine	Wallas	7	f
803	Neal	MacDermid	45	f
804	Heindrick	De Mitri	20	f
805	Dallis	Iacomo	98	f
806	Clarine	Aimson	85	f
807	Richard	Jakubovsky	42	f
808	Stanton	Edmonds	92	f
809	Karon	Gorini	74	f
810	Cody	Dundredge	26	f
811	Simone	Bridell	59	f
812	Rafa	Caulket	46	f
813	Alayne	Dobbing	8	f
814	Annabal	Mackerness	40	f
815	Clemmy	Ebourne	60	f
816	Aimil	Batram	12	f
817	Cassie	Colrein	19	f
818	Rhett	Blackford	85	f
819	Harry	Powney	75	f
820	Cherlyn	Cordell	25	f
821	Jake	Cookley	53	f
822	Marni	Lurner	32	f
823	Dukie	Muzzi	68	f
824	Genvieve	Cases	88	f
825	Perrine	Riggert	74	f
826	Alexei	Durrand	6	f
827	Marten	Dondon	68	f
828	Morgan	Meacher	20	f
829	Gabriel	Grinnikov	83	f
830	Rickie	Bidwell	74	f
831	Connor	Pawlyn	16	f
832	Gerald	Dinwoodie	25	f
833	Lissy	Drewery	5	f
834	Codi	Bonnavant	62	f
835	Greg	Zecchini	36	f
836	Leonerd	Cufley	75	f
837	Berkeley	Lias	20	f
838	Gisela	Dechelette	83	f
839	Corrie	Andretti	34	f
840	Romy	Caves	68	f
841	Willi	Meiklejohn	65	f
842	Vivianna	Heselwood	49	f
843	Friedrich	Halladey	50	f
844	Timothy	McClaurie	10	f
845	Konstance	Jozsika	36	f
846	Augustus	Chambers	65	f
847	Gina	Leuchars	96	f
848	Dael	Sherrell	39	f
849	Torin	Hattrick	92	f
850	Patricia	Laurand	38	f
851	Gawain	Fyfe	53	f
852	Ulises	Mayward	26	f
853	Daphne	Becks	53	f
854	Brannon	Gammidge	75	f
855	Courtney	Blanckley	19	f
856	Fergus	Langstone	93	f
857	Georgeanne	Ville	38	f
858	Gan	Pusill	6	f
859	Bria	Beardsworth	74	f
860	Felix	Chitham	91	f
861	Melesa	Balaizot	4	f
862	Maribel	Holbarrow	68	f
863	Candis	Minshaw	35	f
864	Lydon	Cranstone	70	f
865	Lian	MacCroary	20	f
866	Debra	Methley	30	f
867	Ernie	Gann	78	f
868	Minnaminnie	O'Drought	54	f
869	Jerry	Petrecz	69	f
870	Dex	Noonan	43	f
871	Fielding	Anneslie	20	f
872	Diana	Shaul	23	f
873	Grazia	Kalewe	64	f
874	Levon	McCuaig	99	f
875	Berkie	Littledike	83	f
876	Liuka	Grogor	38	f
877	Mendie	Chancelier	90	f
878	Corette	Rodell	62	f
879	Linell	Knight	10	f
880	Devina	Lysons	37	f
881	Jervis	Haresnaip	18	f
882	Luz	Piggford	51	f
883	Zitella	Berkery	67	f
884	Bartlet	Ferfulle	81	f
885	Tess	Jelfs	40	f
886	Astrid	Sharer	48	f
887	Elna	Rollings	61	f
888	Nickola	Hiddersley	73	f
889	Ronna	Demeza	75	f
890	Eldredge	Aysik	99	f
891	Martynne	Gonzalo	76	f
892	Reade	Staries	39	f
893	Ber	Hestrop	48	f
894	Sergei	Siemantel	22	f
895	Barry	Jakubski	47	f
896	Wynn	Crannage	85	f
897	Alphonso	Paprotny	95	f
898	Welbie	Gudeman	28	f
899	Giraud	Munt	43	f
900	Archaimbaud	Stancer	67	f
901	Evvy	Armatys	50	f
902	Lewes	Withrington	57	f
903	Gabriello	Chew	98	f
904	Lexi	Eye	38	f
905	Umberto	Roxburgh	7	f
906	Desiree	Monkhouse	33	f
907	Ragnar	Odney	93	f
908	Davis	Marron	94	f
909	Reinaldos	Itzcak	34	f
910	Ophelie	O'Hartnett	5	f
911	Claudianus	Hember	8	f
912	Talya	Maillard	23	f
913	Hashim	Witchard	99	f
914	Davine	Helliwell	12	f
915	Ursola	Jellard	14	f
916	Meg	Bowkley	75	f
917	Hallsy	Gunter	90	f
918	Sallee	Deyenhardt	7	f
919	Jolyn	Griggs	3	f
920	Blinni	Myrie	82	f
921	Jerry	Bricksey	35	f
922	Brooks	Goggey	45	f
923	Arney	O'Scandall	61	f
924	Roldan	Lill	92	f
925	Harlene	Hansbury	45	f
926	Kellen	Penberthy	69	f
927	Alyce	Osgood	76	f
928	Cecilia	Fife	11	f
929	Kalle	Bartalucci	86	f
930	Cortie	Pontefract	20	f
931	Feliks	Theobalds	4	f
932	Zaneta	McIvor	99	f
933	Giff	Gowanlock	79	f
934	Temp	Lindenberg	29	f
935	Godfry	Giovanetti	80	f
936	Merralee	Mablestone	41	f
937	Maximilianus	McGregor	53	f
938	Josefina	Tegler	91	f
939	Morie	Le Barre	32	f
940	Pate	Fettis	9	f
941	Maighdiln	Gibbieson	47	f
942	Waldemar	Blowick	7	f
943	Arnoldo	Wittke	12	f
944	Kellby	Kerkham	21	f
945	Jean	Jacquemard	44	f
946	Alida	Hawken	25	f
947	Glenn	Blunsum	46	f
948	Roosevelt	Juszczak	65	f
949	Ivory	Bilham	94	f
950	Dore	Keys	75	f
951	Giralda	Grotty	27	f
952	Lynsey	Ducker	63	f
953	Hilary	Flory	80	f
954	Maud	Aishford	41	f
955	Peter	Lorrain	53	f
956	Giovanni	Drinkel	29	f
957	Wolfgang	Abrashkov	39	f
958	Barnaby	Kulis	72	f
959	Lonna	Bliven	20	f
960	Lily	Duffus	40	f
961	Sanders	Dubois	71	f
962	Roxine	Rackstraw	43	f
963	Ignacius	Robun	87	f
964	Quinn	Foggo	70	f
965	Lilla	Caitlin	5	f
966	Bronny	McLeoid	36	f
967	Elinor	Ruffli	22	f
968	Letitia	Gherardi	72	f
969	Carmelle	Rymour	68	f
970	Nil	Djekovic	98	f
971	Abe	Biggs	29	f
972	Nana	Matysiak	23	f
973	Onofredo	Essberger	82	f
974	Heddi	Gooderson	93	f
975	Loralee	Le Fleming	22	f
976	Elysia	Calderon	63	f
977	Drake	Leschelle	62	f
978	Claudine	Brumbye	91	f
979	Kiri	Duham	71	f
980	Deloris	Prys	58	f
981	Caesar	Klimkov	78	f
982	Mella	Conley	89	f
983	Kevon	Tungay	22	f
984	Urson	Rea	22	f
985	Michaelina	Sneaker	54	f
986	Maria	Iron	34	f
987	Maurene	Stobie	63	f
988	Lilas	Beininck	46	f
989	Kristine	Gabbot	61	f
990	Garrett	Cornils	66	f
991	Irvine	Waye	32	f
992	Roosevelt	Ruffler	37	f
993	Mehetabel	Whetton	14	f
994	Kass	O'Fihily	50	f
995	Ealasaid	Lockart	27	f
996	Karly	Plaster	26	f
997	Emmy	Pfeffer	82	f
998	Mace	Thickens	83	f
999	Ari	Kipping	19	f
1000	Roth	Seage	89	f
\.


--
-- TOC entry 2894 (class 0 OID 17280)
-- Dependencies: 203
-- Data for Name: sub_teach; Type: TABLE DATA; Schema: public; Owner: postgres
--

COPY public.sub_teach (subject_id, teacher_id, group_id, auditory) FROM stdin;
32	37	60	\N
12	534	82	\N
6	514	63	\N
12	503	28	\N
19	845	80	\N
4	665	43	\N
12	906	33	\N
30	188	75	\N
28	355	74	\N
14	186	84	\N
18	467	35	\N
8	913	86	\N
5	929	44	\N
11	91	19	\N
14	605	81	\N
23	713	87	\N
20	463	25	\N
19	200	89	\N
22	302	65	\N
10	55	1	\N
18	706	57	\N
9	211	18	\N
20	712	45	\N
30	217	7	\N
21	258	63	\N
22	185	55	\N
31	694	28	\N
9	663	86	\N
15	586	44	\N
29	378	60	\N
10	218	57	\N
20	345	64	\N
27	454	42	\N
13	436	94	\N
11	726	53	\N
27	687	57	\N
31	158	19	\N
5	844	75	\N
17	613	69	\N
27	947	61	\N
28	255	17	\N
25	606	67	\N
19	555	66	\N
23	6	23	\N
2	298	37	\N
32	861	44	\N
2	19	34	\N
18	448	82	\N
23	583	99	\N
7	222	95	\N
26	402	7	\N
31	326	55	\N
1	976	94	\N
22	852	74	\N
23	35	1	\N
5	308	50	\N
17	664	63	\N
12	213	30	\N
28	715	21	\N
22	33	78	\N
6	724	95	\N
29	333	26	\N
22	273	31	\N
4	696	18	\N
29	791	18	\N
7	390	46	\N
28	127	29	\N
30	174	68	\N
21	892	17	\N
20	959	61	\N
25	343	92	\N
3	144	48	\N
6	432	92	\N
17	151	90	\N
19	100	6	\N
30	809	27	\N
7	342	66	\N
13	455	63	\N
1	832	55	\N
25	750	74	\N
11	496	27	\N
16	849	34	\N
23	135	81	\N
2	505	37	\N
16	136	92	\N
15	422	96	\N
18	449	26	\N
21	444	72	\N
10	131	30	\N
32	968	72	\N
17	102	56	\N
16	210	82	\N
9	475	94	\N
7	12	85	\N
28	643	46	\N
15	897	53	\N
6	940	68	\N
28	936	31	\N
21	391	95	\N
2	562	84	\N
25	841	61	\N
19	105	19	\N
5	38	34	\N
16	992	78	\N
11	96	83	\N
7	262	88	\N
3	985	45	\N
11	224	98	\N
28	534	85	\N
15	594	5	\N
8	192	55	\N
18	733	62	\N
4	399	18	\N
7	368	17	\N
16	973	66	\N
18	938	82	\N
17	609	21	\N
2	373	21	\N
31	713	79	\N
10	273	53	\N
9	778	52	\N
27	40	84	\N
9	233	42	\N
18	471	86	\N
30	275	56	\N
23	389	27	\N
23	858	76	\N
18	818	33	\N
3	484	78	\N
19	495	75	\N
11	675	54	\N
29	598	95	\N
12	634	36	\N
18	423	83	\N
19	713	88	\N
21	479	23	\N
28	634	31	\N
30	988	53	\N
9	689	78	\N
25	299	96	\N
29	241	33	\N
7	125	29	\N
18	270	69	\N
4	857	2	\N
14	122	80	\N
32	102	48	\N
27	769	65	\N
18	575	54	\N
11	901	16	\N
19	591	21	\N
18	243	88	\N
9	234	27	\N
22	908	30	\N
5	598	4	\N
26	861	81	\N
32	523	28	\N
20	135	2	\N
13	622	56	\N
24	577	50	\N
6	81	45	\N
27	399	75	\N
11	477	7	\N
21	802	67	\N
31	588	63	\N
14	149	31	\N
4	895	22	\N
20	855	49	\N
6	722	23	\N
12	905	15	504
6	264	13	504
29	847	94	\N
23	709	98	\N
3	948	7	\N
13	883	92	\N
10	20	18	\N
32	701	82	\N
16	773	70	\N
16	374	99	\N
8	442	8	\N
3	293	62	\N
4	157	34	\N
4	111	63	\N
11	73	65	\N
14	812	41	\N
14	290	34	\N
21	587	23	\N
9	35	94	\N
22	540	89	\N
28	329	52	\N
9	221	50	\N
9	637	68	\N
9	760	92	\N
8	233	42	\N
21	737	66	\N
25	225	57	\N
7	475	44	\N
10	164	66	\N
13	132	65	\N
16	229	40	\N
10	259	99	\N
32	379	35	\N
19	422	16	\N
31	789	75	\N
29	915	99	\N
30	590	73	\N
9	815	85	\N
32	247	83	\N
5	963	7	\N
18	595	68	\N
31	119	21	\N
15	803	71	\N
10	377	41	\N
6	805	67	\N
10	688	19	\N
3	600	34	\N
1	249	74	\N
23	238	19	\N
29	874	26	\N
22	869	93	\N
4	340	50	\N
9	687	28	\N
6	711	54	\N
17	584	36	\N
10	778	22	\N
16	408	86	\N
25	11	69	\N
5	73	44	\N
7	674	52	\N
9	975	93	\N
18	550	89	\N
1	702	39	\N
7	337	69	\N
2	116	73	\N
1	262	51	\N
3	317	78	\N
11	106	41	\N
23	223	95	\N
26	744	95	\N
21	128	27	\N
1	155	47	\N
25	407	26	\N
29	897	78	\N
14	413	48	\N
4	48	71	\N
27	407	54	\N
17	308	48	\N
7	811	1	\N
6	376	5	\N
10	106	65	\N
31	772	49	\N
28	398	88	\N
32	73	91	\N
7	95	4	\N
24	74	67	\N
2	529	36	\N
23	853	59	\N
11	106	27	\N
8	64	90	\N
6	349	20	\N
1	871	5	\N
31	957	98	\N
15	24	92	\N
14	743	86	\N
29	832	16	\N
16	347	72	\N
20	690	57	\N
26	784	41	\N
31	681	90	\N
19	664	53	\N
31	341	68	\N
4	777	70	\N
12	401	84	\N
11	207	16	\N
23	340	74	\N
17	290	73	\N
23	736	71	\N
14	646	76	\N
11	536	94	\N
7	989	2	\N
9	889	29	\N
17	745	27	\N
14	689	49	\N
20	214	85	\N
22	827	86	\N
20	447	55	\N
9	288	62	\N
16	273	5	\N
9	675	77	\N
14	102	77	\N
11	783	61	\N
14	207	57	\N
18	233	29	\N
21	274	60	\N
2	306	36	\N
19	168	78	\N
14	449	42	\N
6	942	59	\N
4	47	4	\N
5	141	16	\N
11	590	55	\N
4	547	70	\N
28	650	89	\N
18	372	65	\N
8	180	59	\N
19	923	76	\N
29	254	87	\N
9	236	92	\N
20	240	31	\N
10	995	89	\N
14	165	46	\N
32	441	55	\N
17	677	7	\N
21	176	2	\N
26	454	52	\N
27	492	84	\N
28	272	21	\N
15	558	41	\N
12	307	49	\N
20	343	23	\N
30	341	63	\N
22	165	23	\N
21	771	7	\N
28	371	68	\N
23	885	52	\N
32	848	20	\N
18	362	39	\N
27	874	18	\N
13	535	70	\N
32	691	65	\N
13	14	72	\N
14	148	96	\N
11	969	95	\N
16	20	29	\N
12	742	99	\N
2	922	86	\N
18	435	63	\N
30	940	86	\N
19	837	76	\N
16	583	83	\N
24	464	9	504
9	687	14	504
29	448	10	504
14	726	14	504
17	146	59	\N
6	962	30	\N
12	433	61	\N
2	763	16	\N
16	117	41	\N
4	253	96	\N
20	193	55	\N
8	917	23	\N
23	297	82	\N
23	221	1	\N
5	865	31	\N
10	411	62	\N
16	353	76	\N
24	851	91	\N
5	361	54	\N
31	804	60	\N
18	989	25	\N
5	416	71	\N
5	654	70	\N
13	110	59	\N
10	277	3	\N
23	101	58	\N
19	652	69	\N
28	735	68	\N
18	809	18	\N
2	573	22	\N
20	292	80	\N
32	166	46	\N
26	999	1	\N
11	414	96	\N
22	54	69	\N
8	817	21	\N
15	709	27	\N
25	227	62	\N
8	798	18	\N
30	836	49	\N
1	62	73	\N
21	231	18	\N
29	260	39	\N
25	532	68	\N
1	210	45	\N
23	21	29	\N
28	308	87	\N
11	374	37	\N
23	584	45	\N
28	332	59	\N
29	908	49	\N
17	147	52	\N
24	10	45	\N
19	756	63	\N
8	809	37	\N
22	638	5	\N
30	452	22	\N
14	598	5	\N
5	946	63	\N
24	859	62	\N
10	261	90	\N
7	533	55	\N
27	250	87	\N
8	185	16	\N
17	684	50	\N
31	326	27	\N
32	391	86	\N
17	272	65	\N
19	50	93	\N
8	348	75	\N
30	571	43	\N
4	777	95	\N
12	7	7	\N
8	715	67	\N
6	552	4	\N
9	559	65	\N
3	159	66	\N
12	291	45	\N
32	492	72	\N
17	422	62	\N
14	103	8	\N
8	659	39	\N
32	241	41	\N
23	94	5	\N
11	164	69	\N
8	355	63	\N
13	976	24	\N
22	617	31	\N
10	152	27	\N
2	589	89	\N
14	417	40	\N
21	150	74	\N
18	8	50	\N
29	3	44	\N
30	136	38	663
23	226	28	\N
19	620	24	\N
18	635	2	\N
5	172	71	\N
12	368	73	\N
20	880	56	\N
8	192	56	\N
4	769	33	\N
19	745	84	\N
23	654	2	\N
25	592	92	\N
3	587	72	\N
3	776	2	\N
24	531	78	\N
2	548	89	\N
18	845	8	\N
10	97	60	\N
32	816	81	\N
6	550	69	\N
6	925	65	\N
2	407	70	\N
32	114	82	\N
3	552	21	\N
14	655	71	\N
18	126	74	\N
9	706	46	\N
17	208	38	603
26	768	1	\N
20	353	63	\N
24	699	65	\N
3	569	36	\N
29	778	1	\N
25	807	48	\N
21	753	28	\N
2	80	37	\N
18	561	1	\N
12	435	17	\N
2	805	49	\N
27	147	81	\N
21	497	86	\N
12	601	44	\N
1	795	38	241
21	93	23	\N
15	911	43	\N
27	698	94	\N
6	101	93	\N
14	51	65	\N
6	180	55	\N
8	398	70	\N
29	720	94	\N
23	206	50	\N
21	833	39	\N
20	386	69	\N
9	152	92	\N
7	519	35	\N
8	31	16	\N
28	957	65	\N
2	317	26	\N
10	596	82	\N
1	488	96	\N
2	893	54	\N
27	133	94	\N
20	148	18	\N
4	495	87	\N
8	888	87	\N
20	531	26	\N
5	728	73	\N
12	924	74	\N
19	717	6	\N
16	765	7	\N
28	72	21	\N
22	621	24	\N
25	19	71	\N
25	679	78	\N
14	516	53	\N
8	983	88	\N
17	130	34	\N
2	850	65	\N
12	232	10	504
26	886	32	\N
31	442	34	\N
30	535	16	\N
14	777	21	\N
18	520	68	\N
32	581	83	\N
16	116	41	\N
25	331	7	\N
27	367	88	\N
3	607	41	\N
14	780	96	\N
24	487	65	\N
16	714	60	\N
23	868	70	\N
26	918	5	\N
31	258	58	\N
29	268	28	\N
20	319	90	\N
16	931	29	\N
30	597	99	\N
14	828	37	\N
32	483	61	\N
6	183	69	\N
22	193	76	\N
18	386	91	\N
18	601	16	\N
28	370	5	\N
30	918	61	\N
4	568	59	\N
31	251	8	\N
23	750	55	\N
25	346	75	\N
23	912	52	\N
15	688	20	\N
20	213	2	\N
16	420	16	\N
18	493	16	\N
25	539	81	\N
26	981	78	\N
22	367	5	\N
31	942	17	\N
6	998	38	655
12	428	43	\N
11	616	73	\N
10	288	68	\N
8	174	79	\N
8	5	2	\N
22	115	26	\N
32	463	94	\N
13	904	53	\N
25	983	60	\N
13	693	46	\N
29	183	65	\N
6	297	22	\N
7	493	40	\N
5	723	40	\N
28	789	94	\N
8	894	45	\N
19	312	64	\N
23	647	25	\N
28	621	87	\N
15	767	89	\N
21	611	47	\N
3	387	56	\N
32	568	22	\N
7	554	42	\N
20	34	63	\N
22	158	93	\N
24	440	20	\N
1	705	77	\N
20	509	41	\N
13	854	30	\N
23	290	83	\N
10	425	35	\N
4	342	95	\N
8	156	34	\N
32	756	48	\N
3	123	73	\N
6	272	43	\N
6	36	85	\N
12	891	95	\N
25	159	55	\N
19	383	19	\N
21	740	96	\N
3	349	70	\N
19	818	98	\N
9	792	89	\N
16	593	26	\N
15	85	31	\N
23	360	24	\N
6	524	57	\N
14	535	37	\N
13	731	60	\N
15	361	39	\N
32	668	78	\N
30	822	19	\N
9	811	75	\N
11	620	43	\N
3	757	8	\N
18	955	64	\N
6	884	51	\N
7	501	72	\N
1	186	89	\N
27	383	67	\N
18	424	46	\N
14	480	49	\N
15	367	69	\N
4	606	37	\N
20	702	35	\N
6	421	6	\N
18	624	30	\N
5	609	30	\N
7	703	41	\N
19	315	84	\N
12	321	43	\N
13	894	2	\N
5	804	94	\N
8	967	72	\N
27	556	99	\N
6	439	74	\N
11	973	96	\N
17	20	4	\N
28	70	38	485
9	918	83	\N
22	867	25	\N
30	847	42	\N
13	393	17	\N
6	597	24	\N
19	225	6	\N
31	939	49	\N
17	502	92	\N
26	282	91	\N
27	231	53	\N
26	93	73	\N
11	302	30	\N
17	662	58	\N
8	905	51	\N
3	217	31	\N
21	413	52	\N
23	86	20	\N
25	785	7	\N
29	231	64	\N
27	778	31	\N
30	71	34	\N
30	437	39	\N
2	214	22	\N
21	580	70	\N
6	326	60	\N
31	638	93	\N
27	426	30	\N
8	794	98	\N
3	744	89	\N
19	145	88	\N
19	207	36	\N
24	630	28	\N
15	116	59	\N
26	619	55	\N
22	544	35	\N
21	107	39	\N
20	800	34	\N
26	215	4	\N
6	877	27	\N
23	491	62	\N
9	151	97	870
19	181	97	870
4	117	97	870
16	626	97	870
3	894	97	870
10	771	97	870
14	83	97	870
14	174	97	870
14	825	12	504
23	511	9	504
31	447	12	504
30	940	38	422
13	414	19	\N
4	576	91	\N
8	485	31	\N
10	739	50	\N
8	241	38	831
14	96	28	\N
18	888	49	\N
14	492	19	\N
5	690	76	\N
16	279	69	\N
31	364	45	\N
10	696	43	\N
1	670	65	\N
16	452	22	\N
16	249	85	\N
27	767	3	\N
24	322	77	\N
21	24	72	\N
8	939	61	\N
2	86	82	\N
5	803	77	\N
19	561	19	\N
25	50	63	\N
7	586	56	\N
31	327	36	\N
21	846	67	\N
7	783	61	\N
32	189	69	\N
13	874	89	\N
8	642	37	\N
11	873	41	\N
13	934	61	\N
13	972	55	\N
2	233	17	\N
22	258	85	\N
6	648	3	\N
3	682	6	\N
28	99	83	\N
9	332	19	\N
16	645	42	\N
27	212	95	\N
14	378	20	\N
31	402	39	\N
22	246	93	\N
26	629	19	\N
22	355	32	\N
19	291	60	\N
2	155	96	\N
15	749	59	\N
13	97	67	\N
30	841	27	\N
9	204	97	870
1	532	97	870
14	614	12	504
10	460	14	504
21	856	12	504
21	910	12	504
7	785	14	504
1	144	10	504
30	148	13	504
20	172	12	504
16	121	12	504
2	195	9	504
7	387	9	504
32	144	9	504
4	693	11	504
26	701	13	504
6	1	15	504
12	189	12	504
7	253	15	504
17	898	11	504
20	357	15	504
17	139	13	504
2	914	9	504
18	180	14	504
25	856	11	504
31	12	9	504
29	25	15	504
24	404	15	504
10	866	10	504
31	651	15	504
13	42	13	504
7	714	14	504
17	227	9	504
6	163	15	504
7	975	15	504
7	125	13	504
7	50	10	504
27	290	14	504
27	731	12	504
14	942	12	504
5	609	14	504
2	469	15	504
9	392	12	504
9	45	15	504
27	702	15	504
23	36	15	504
11	513	11	504
7	437	9	504
5	679	13	504
5	288	69	\N
25	974	23	\N
10	303	81	\N
30	170	71	\N
26	172	84	\N
5	849	23	\N
19	135	63	\N
4	265	90	\N
4	997	37	\N
19	823	38	634
19	993	66	\N
25	735	4	\N
13	459	31	\N
29	944	90	\N
5	325	29	\N
8	250	47	\N
18	759	84	\N
21	21	49	\N
16	551	46	\N
17	601	60	\N
9	890	79	\N
11	813	3	\N
24	165	29	\N
17	855	30	\N
7	584	21	\N
13	133	68	\N
14	609	23	\N
20	741	30	\N
20	315	95	\N
6	809	71	\N
21	10	24	\N
21	574	59	\N
30	152	93	\N
2	595	98	\N
6	964	45	\N
19	765	55	\N
1	842	55	\N
2	658	42	\N
12	382	17	\N
3	534	25	\N
10	317	78	\N
9	291	26	\N
11	961	7	\N
20	617	31	\N
29	737	83	\N
9	333	36	\N
9	576	31	\N
21	325	49	\N
24	218	93	\N
2	429	6	\N
22	569	55	\N
28	722	1	\N
25	192	23	\N
26	698	45	\N
21	252	67	\N
13	690	28	\N
30	708	17	\N
13	645	58	\N
17	966	65	\N
8	705	97	870
11	705	97	870
28	554	9	504
27	141	12	504
4	124	13	504
26	341	12	504
8	179	10	504
1	928	10	504
19	416	12	504
16	887	35	\N
18	444	95	\N
30	796	46	\N
12	256	93	\N
17	728	37	\N
22	524	54	\N
13	522	31	\N
22	65	70	\N
7	510	68	\N
16	144	6	\N
6	624	48	\N
1	608	91	\N
27	19	89	\N
12	901	5	\N
1	990	6	\N
23	607	37	\N
8	759	31	\N
24	848	88	\N
19	657	29	\N
23	634	50	\N
18	570	35	\N
25	676	38	148
26	512	62	\N
30	307	19	\N
31	941	48	\N
5	549	57	\N
2	879	84	\N
28	97	89	\N
29	475	60	\N
1	779	74	\N
1	819	46	\N
31	225	61	\N
29	472	17	\N
3	204	23	\N
4	271	10	504
10	422	12	504
13	886	10	504
26	480	9	504
12	291	10	504
15	334	9	504
20	941	9	504
6	371	12	504
22	509	43	\N
12	272	95	\N
17	487	43	\N
15	768	85	\N
4	482	51	\N
16	977	26	\N
17	1	72	\N
13	7	60	\N
14	487	21	\N
29	986	40	\N
7	787	19	\N
26	306	76	\N
5	257	98	\N
27	370	99	\N
30	29	23	\N
11	324	25	\N
9	857	57	\N
27	185	44	\N
25	380	83	\N
32	251	35	\N
7	508	74	\N
6	332	82	\N
11	947	93	\N
24	114	35	\N
3	532	71	\N
15	948	55	\N
18	935	50	\N
15	182	95	\N
3	64	99	\N
23	358	31	\N
28	700	53	\N
14	850	66	\N
18	678	26	\N
15	181	8	\N
10	585	72	\N
30	441	65	\N
24	30	43	\N
9	175	5	\N
17	835	59	\N
28	58	44	\N
27	736	69	\N
15	71	62	\N
5	266	60	\N
14	981	44	\N
11	922	61	\N
4	180	37	\N
20	299	84	\N
24	18	47	\N
25	907	82	\N
1	715	28	\N
5	824	21	\N
1	728	50	\N
14	823	91	\N
22	823	63	\N
21	845	98	\N
5	188	47	\N
8	497	99	\N
10	321	73	\N
12	260	59	\N
12	13	45	\N
7	977	27	\N
32	555	88	\N
11	552	41	\N
4	230	65	\N
4	670	45	\N
32	614	52	\N
15	755	41	\N
29	358	31	\N
2	484	20	\N
23	140	79	\N
12	682	83	\N
13	300	18	\N
6	45	18	\N
30	105	49	\N
4	230	98	\N
31	70	29	\N
28	414	5	\N
3	18	68	\N
15	452	26	\N
13	949	6	\N
22	695	43	\N
28	496	81	\N
6	936	91	\N
21	31	85	\N
14	512	73	\N
11	843	3	\N
13	849	3	\N
14	833	1	\N
32	591	26	\N
13	119	63	\N
25	169	44	\N
19	870	90	\N
1	761	40	\N
4	766	33	\N
4	966	39	\N
16	95	29	\N
11	826	36	\N
15	389	90	\N
7	254	68	\N
14	28	11	504
14	951	9	504
26	889	15	504
\.


--
-- TOC entry 2892 (class 0 OID 17270)
-- Dependencies: 201
-- Data for Name: subjects; Type: TABLE DATA; Schema: public; Owner: postgres
--

COPY public.subjects (id, title) FROM stdin;
1	Data Structures
2	Digital Electronics
3	Object Oriented Programming 
4	Discrete Mathematical Structures
5	Operating Systems
6	Database Management Systems
7	Computer System Architecture
8	Probability Statistics and Numerical Techniques
9	Microprocessor and Microcontrollers
10	Computer Networks
11	Theory of Computation
12	Artificial Intelligence
13	Compiler Design
14	Software Engineering
15	System Software
16	Computer Graphics
17	Business Law
18	Ethics
19	Entrepreneurship
20	Finance
21	Human Resource Management
22	Management information systems
23	Marketing
24	Operations management
25	Organizational Behavior
26	Project Management
27	Strategic Management
28	Supply chain management
29	International business
30	Computer application for business
31	Environment studies
32	Management training & development
\.


--
-- TOC entry 2890 (class 0 OID 17260)
-- Dependencies: 199
-- Data for Name: teachers; Type: TABLE DATA; Schema: public; Owner: postgres
--

COPY public.teachers (id, first_name, last_name, salary, managed_by) FROM stdin;
38	Kassandra	Franzonetti	47165	\N
39	Ansley	Linay	35896	\N
40	Alexandre	Tomisch	46864	\N
41	Miner	Brandts	41232	\N
42	Yehudi	Tedridge	35879	\N
43	Dianemarie	Dockray	40339	\N
44	Nathanael	Pauluzzi	46240	\N
45	Trude	Stichall	43696	\N
46	Gaile	Trembey	39375	\N
47	Dulcie	Kynforth	38214	\N
48	Maryanne	Damrell	43608	\N
49	Paulita	Farmar	46992	\N
50	Willi	Hubatsch	48203	\N
51	Linda	Farndell	46855	\N
52	Wayne	Flegg	40789	\N
53	Irving	Frostick	45180	\N
54	Brad	Mynett	45408	\N
55	Alyse	Outibridge	43067	\N
56	Erika	Ludmann	48302	\N
57	Jarrod	Leyshon	42048	\N
58	Lorna	Popley	47123	\N
59	Meara	Fazzioli	40864	\N
60	Conni	McJury	41967	\N
61	Ryun	Dodd	43511	\N
62	Ann-marie	Greger	37225	\N
63	Lenora	Renn	38918	\N
64	Anissa	Maseyk	41748	\N
65	Patricia	Gravell	47342	\N
66	Emery	Hencke	38557	\N
67	Eleanor	Van der Brugge	41520	\N
68	Wynn	Pobjay	39842	\N
69	Audrie	Cleave	41230	\N
70	Alejoa	Hardwicke	42998	\N
71	Ellette	Adamovitz	43577	\N
72	Rachael	Ridder	37713	\N
73	Dallon	Gilyott	49988	\N
74	Joycelin	Cumber	36680	\N
75	Lind	Buffey	47070	\N
76	Milly	Ducker	45893	\N
77	Denys	Spring	48501	\N
78	Chastity	Craker	36465	\N
79	Mireille	Kabsch	37709	\N
80	Aeriela	Berrie	49105	\N
81	Steven	Gabala	44130	\N
82	Olimpia	Duffer	42574	\N
83	Emmanuel	Slack	37599	\N
84	Lucias	Cuphus	41619	\N
85	Jessey	McShirrie	44824	\N
86	Robby	Jowitt	38142	\N
87	Essa	Diable	44145	\N
88	Val	Readett	47125	\N
89	Archibaldo	Ferrar	48849	\N
90	Lulita	Nelissen	36907	\N
91	Elsi	Arnoult	43469	\N
92	Marshall	Rummery	40914	\N
93	Florida	Dullingham	41442	\N
94	Nertie	Tramel	40072	\N
95	Engelbert	Reddy	37124	\N
96	Danyelle	Skellorne	48785	\N
97	Hagan	Atmore	45483	\N
98	Isidoro	Rankcom	44297	\N
99	Caro	Joysey	44941	\N
100	Clim	Bourgaize	41571	\N
101	Jere	Giddy	48861	\N
102	Flore	Heibel	41280	\N
103	Tammie	Haythornthwaite	40835	\N
104	Emmerich	Leftly	46372	\N
105	Walton	Creamer	44263	\N
106	Swen	Harly	46477	\N
107	Laurella	Pruce	38011	\N
108	Ches	Nelles	42902	\N
109	Elladine	Pashbee	37563	\N
110	Astrid	Trewinnard	43316	\N
111	Gretel	Mochar	44086	\N
112	Enriqueta	Launder	46223	\N
113	Ilsa	Kovalski	43682	\N
114	Jeffrey	Drake	40071	\N
115	Ralph	Coll	40758	\N
116	Reg	Kupker	41042	\N
117	Brandie	Silverman	37278	\N
118	Burk	Scopyn	44176	\N
119	Franny	Mallatratt	37886	\N
120	Fulton	Dudden	48335	\N
121	Isa	Heaffey	45754	\N
122	Putnam	Knoller	37697	\N
123	Gregorius	Gormally	43727	\N
124	Dorie	Eyckelbeck	46055	\N
125	Shawnee	Pitson	35994	\N
126	Ilse	Speck	44535	\N
127	Travus	Phillcock	39888	\N
128	Corbet	Writtle	38018	\N
129	Alika	Bolle	36076	\N
130	Belvia	Larner	38225	\N
131	Morlee	Unitt	41859	\N
132	Lotty	Yerson	35487	\N
133	Rube	Kielty	39370	\N
134	Carlynne	Hedge	37592	\N
135	Bone	Vedekhov	39229	\N
136	Mathias	Goggey	45921	\N
137	Rici	Di Nisco	39482	\N
138	Norris	Tyers	43375	\N
139	Quentin	Cufley	39358	\N
140	Britt	Kisar	42506	\N
141	Gabriella	O'Shirine	44245	\N
142	Randolph	Teece	42891	\N
143	Bil	Dockrill	47228	\N
144	Welby	Chittenden	48348	\N
145	Dennie	Emmerson	45019	\N
146	Conroy	Billo	43401	\N
147	Stephen	Dove	42575	\N
148	Judi	Sarah	43213	\N
149	Patric	Vellender	46561	\N
150	Nicholas	Feyer	45280	\N
151	Ginny	Dacombe	48614	\N
152	Killie	Richings	35892	\N
153	Melodee	Mallinar	48076	\N
154	Truda	Tizzard	44368	\N
155	Kean	Halcro	39565	\N
156	Barbi	Kolushev	42166	\N
157	Idelle	Pinel	44273	\N
158	Mame	Dimock	37701	\N
159	Michelle	Lavalde	39598	\N
160	Hasty	Ivachyov	39899	\N
161	Filberte	Bergin	47608	\N
162	Lesya	Jeffress	48559	\N
163	Barnabas	Snazel	48338	\N
164	Jemima	Joska	42514	\N
165	Clary	Ciubutaro	44610	\N
166	Kaitlin	Ordish	40723	\N
167	June	Ciottoi	43019	\N
168	Juanita	Britcher	43326	\N
169	Kinnie	McKeran	47660	\N
170	Bent	Juliano	42736	\N
171	Boone	Penreth	49074	\N
172	Jareb	Geratt	37558	\N
173	Evania	Gowans	42497	\N
174	Vivian	Yesenin	47665	\N
175	Davon	Gwioneth	42067	\N
176	Kaja	Rudyard	35001	\N
177	Noby	Breese	44738	\N
178	Pegeen	Oneil	46439	\N
179	Wendel	Kubach	48669	\N
180	Berni	Tott	48830	\N
181	Maurene	Downey	42938	\N
182	Mendy	Bruckmann	36879	\N
183	Christye	Torel	37758	\N
184	Nonna	Geistbeck	49271	\N
185	Katharine	Luttgert	40993	\N
186	Hobey	Candlin	49147	\N
187	Matthieu	Musterd	38865	\N
188	Meghann	Pleavin	42140	\N
189	Cull	Volonte	49790	\N
190	Diannne	Binks	37094	\N
191	Romonda	Holme	41249	\N
192	Seamus	Lanon	36385	\N
193	Liane	Ebbrell	37727	\N
194	Irma	Blagburn	46005	\N
195	Tybalt	Mattschas	47036	\N
196	Bruce	Caulder	42287	\N
197	Pru	Gorrie	46510	\N
198	Fernanda	Chown	42864	\N
199	Willow	Keizman	35447	\N
211	Winslow	Harrisson	43823	\N
212	Dareen	Colcomb	44757	\N
213	Irv	Haith	39491	\N
214	Blaine	Bertlin	35302	\N
215	Vitia	Duggleby	44756	\N
216	Bertie	Louth	48294	\N
217	Kermit	Giacomini	44441	\N
218	Harri	Martinie	43904	\N
219	Gray	Lidgley	44521	\N
220	Fonsie	Gavigan	48393	\N
221	Bridgette	Wolfer	44723	\N
222	Wynn	Willimont	36525	\N
223	Audra	Marchenko	44143	\N
224	Rourke	Burgon	47157	\N
225	Lance	Volk	36265	\N
226	Hobey	Winslett	38640	\N
227	Agace	Symmons	37382	\N
228	Emlyn	Andriulis	49294	\N
229	Patrick	Fardy	38625	\N
230	Dorie	Navarre	35803	\N
231	Brook	Levis	43605	\N
232	Tatiana	Djekovic	39424	\N
233	Robinet	Dreger	40801	\N
234	Shanda	Comben	41997	\N
235	Franz	Larne	46289	\N
236	Reinhard	Crookshank	41472	\N
237	Charlotta	Higgonet	49147	\N
238	Ellissa	Morilla	35327	\N
239	Elisabet	Petersen	39248	\N
240	Duff	Eirwin	35654	\N
241	Phylis	Panswick	38686	\N
242	Shamus	Grabham	40256	\N
243	Kissie	Flowitt	36914	\N
244	Eric	Rozier	48565	\N
245	Brod	Langwade	38016	\N
246	Amity	Lintot	44786	\N
247	Reece	Pyser	35245	\N
248	Danya	Swindlehurst	36302	\N
249	Rosalie	Dudlestone	47045	\N
250	Akim	Rowswell	43111	\N
251	Ade	Males	44014	\N
252	Melitta	Limbourne	41033	\N
253	Kris	Frankowski	35894	\N
254	Brooke	Sargerson	48585	\N
255	Arda	Hollingby	40284	\N
256	Rad	Passion	41044	\N
257	Carolyne	Bartelet	46659	\N
258	Tailor	Rogeon	39341	\N
259	Freddie	Bidgood	39634	\N
260	Papageno	Toghill	37673	\N
261	Viole	La Batie	45787	\N
262	Jillane	Dallywater	35607	\N
263	Eli	Kenderdine	49356	\N
264	Stephine	Trobe	48189	\N
265	Martynne	Bonome	44113	\N
266	Sheri	Brunker	48827	\N
267	Lorna	Slaymaker	44184	\N
268	Terri	Stolting	44180	\N
269	Robinia	Falco	35843	\N
270	Berkie	Campion	35870	\N
271	Mannie	Woollons	45663	\N
272	Willa	McTeggart	39485	\N
273	Benedicto	Thomtson	48853	\N
274	Judith	Philpin	36355	\N
275	Mallory	Rainsbury	48482	\N
276	Suzy	McElroy	35457	\N
277	Starlene	Tawton	41793	\N
278	Alie	Pettyfar	36719	\N
279	Hildegaard	Tugwell	49108	\N
280	Filia	Tome	44173	\N
281	Hendrik	Curner	41600	\N
282	Farlay	Heale	44995	\N
283	Carissa	Leaves	40993	\N
284	Edwin	Akhurst	45330	\N
285	Vanni	Alven	36985	\N
286	Nickolai	Wittey	41247	\N
287	Mac	Vaudrey	36978	\N
288	Gladi	Zucker	40174	\N
289	Demetris	Chalk	43297	\N
290	Sanson	Deek	48273	\N
291	Tobin	Speedin	45325	\N
292	Kipper	Brittian	37163	\N
293	Alicea	Beetlestone	49355	\N
294	Oberon	Wastall	48308	\N
295	Celia	Borzone	38846	\N
296	Joyous	Abendroth	44849	\N
297	Sax	Syres	42409	\N
298	Leonore	Sweed	41146	\N
299	Sosanna	Hegdonne	38784	\N
300	Meir	Grouvel	46814	\N
301	Iona	Decker	39511	\N
302	Inna	Offield	42002	\N
303	Reba	Kearle	46492	\N
304	Launce	Theis	37669	\N
305	Elsworth	Simeonov	48343	\N
306	Rikki	MacGown	39660	\N
307	Joelly	Bassingden	48424	\N
308	Royce	Battershall	40110	\N
309	Maximilianus	Puttrell	37703	\N
310	Hilliary	Bartlosz	38639	\N
311	Saleem	Fley	40815	\N
312	Jolyn	Degli Antoni	42659	\N
313	Ross	Sturney	49590	\N
314	Oralie	Bingall	43367	\N
315	Augusta	Bonn	46379	\N
316	Veronica	Meere	45937	\N
317	Phaedra	Melmoth	39479	\N
318	Hashim	Adriani	46094	\N
319	Mariejeanne	Peaker	36131	\N
320	Kellia	Dobble	49325	\N
321	Brandea	Orr	42292	\N
322	Bendite	Suttling	42947	\N
323	Rowe	Rowdell	41595	\N
324	Willdon	Searston	47699	\N
325	Kamila	Peres	35580	\N
326	Hailee	Hynes	44076	\N
327	Henrietta	Mewburn	48087	\N
328	Madlin	Crookall	47204	\N
329	Georgeanna	Blazi	43011	\N
330	Terza	Sheara	38045	\N
331	Ripley	Chiswell	35152	\N
332	Irma	Macy	40731	\N
333	Ezekiel	Rohmer	45902	\N
334	Noni	Mafham	44160	\N
335	Flori	Swinford	49586	\N
336	Duane	Featherstonhalgh	41001	\N
337	Rennie	Gregoletti	38707	\N
338	Christian	Preon	37190	\N
339	Leonelle	McHarry	46343	\N
340	Lexis	Huckell	35912	\N
341	Matthew	Kenryd	45210	\N
342	Denver	Woodburne	40469	\N
343	Merle	Luetkemeyers	49620	\N
344	Chicky	Eitter	45594	\N
345	Alanna	Sampey	37248	\N
346	Laverna	Thomton	37643	\N
347	Kerstin	Dobrovolski	36460	\N
348	Rudd	Wissbey	40411	\N
349	Brandice	Hallin	44833	\N
788	Charis	Lambersen	45011	889
889	Drucill	Stoneman	49993	889
2	North	Ravelus	49897	\N
3	Amerigo	Saill	45058	\N
4	Rivalee	Allerton	36516	\N
5	Modestine	Alenov	45092	\N
6	Jonie	Kohnert	49711	\N
7	Delbert	Disdel	38728	\N
8	Bobinette	Isakson	43237	\N
9	Alissa	Dodgson	35027	\N
21	Vere	Bavin	35888	\N
22	Brynne	Braganca	42838	\N
23	Frants	Dann	46392	\N
24	Saxon	Gabbett	44432	\N
25	Charil	Catterall	46559	\N
26	Phineas	Poynser	36729	\N
27	Devin	Pennings	44887	\N
28	Dulsea	Emptage	45429	\N
29	Bobbie	Oret	40487	\N
30	Sashenka	Billham	42588	\N
31	Ada	Sharvill	47988	\N
32	Maison	Saynor	44469	\N
33	Janenna	Passmore	45241	\N
34	Rice	Hand	35464	\N
35	Natalie	McPhillips	43341	\N
36	Owen	Pluthero	48097	\N
37	Kariotta	Spellicy	48773	\N
1	Hyacinth	Trouel	41168	1
10	Edmund	Colbran	42901	1
11	Roobbie	Lower	42292	1
12	Katleen	Glaves	46019	1
13	Ebenezer	Stemp	48408	1
14	Samuele	Haggar	43599	1
15	Lelah	Edgecumbe	48807	1
16	Udale	Orta	47534	1
17	Gunter	Titchen	44420	1
18	Wendi	Friedenbach	37823	1
19	Madelena	Cattenach	39495	1
20	Brig	Gostling	43710	1
200	Luci	Mozzetti	42911	10
201	Clementina	Lalevee	49337	10
202	Lonnie	Doubrava	46924	10
203	Laetitia	Lazenbury	41261	10
204	Zebedee	Waldie	49352	10
205	Karole	Vertey	36310	10
206	Sacha	Cartmale	44988	10
207	Dallis	Scudders	46001	10
208	Grantley	Mavin	45764	10
209	Basilio	Senter	44525	10
210	Codie	Witchalls	38141	10
350	Fidole	de Vaen	40667	889
351	Theodora	Tappington	37742	889
352	Burch	Harrie	43000	889
353	Franky	Ondrus	43158	889
354	Jaclin	Spearing	43325	889
355	Antonio	Jeal	41915	889
356	Marlyn	Beeble	35161	889
357	Juliann	Firpi	39570	889
358	Randi	Doward	37403	889
359	Abby	Blabie	47109	889
360	Stormi	Albiston	46633	889
361	Alys	Wingar	35819	889
362	Marcelline	Drackford	48386	889
363	Teddie	Levings	47755	889
364	Christoper	Chaplyn	40266	889
365	Ada	Meynell	37758	889
366	Estele	Mapham	47552	889
367	Levon	Luckett	36554	889
368	Buckie	Ruppeli	41899	889
369	Britt	Tuley	45926	889
370	Alikee	Storrock	42712	889
371	Franzen	Fosh	42020	889
372	Carver	Clubley	49103	889
373	Melli	Paskerful	44684	889
374	Kayla	Sheepy	40504	889
375	Barbie	Ruos	47051	889
376	Rochelle	Grisard	36412	889
377	Maison	Coetzee	45668	889
378	Tracee	McIlriach	48539	889
379	Annabel	Darnborough	35525	889
380	Jacinda	Gethyn	44495	889
381	Goraud	Gainsbury	45387	889
382	Dulcia	Ceillier	47434	889
383	Emmit	Aggio	45098	889
384	Eartha	Shinfield	47720	889
385	Ceil	Brehat	43913	889
386	Frederigo	Huebner	49487	889
387	Stanfield	Dovinson	40691	889
388	Leonora	McCurry	45793	889
389	Katey	Hinemoor	42358	889
390	Hayes	Cutmare	40770	889
391	Gabbey	Leheude	45189	889
392	Alfi	Tschierasche	36605	889
393	Hephzibah	McNirlin	49508	889
394	Claybourne	Pimbley	39654	889
395	Dulcea	Dory	41893	889
396	Aprilette	Woolward	44221	889
397	Durward	Revely	46651	889
398	Del	Geely	42248	889
399	Robinson	Maha	35377	889
400	Roddy	Dufore	49617	889
401	Ginny	Rudd	43785	889
402	Joseito	Revell	40997	889
403	Celisse	Mueller	38522	889
404	Ardyth	Aubery	35316	889
405	Arte	Pechold	47593	889
406	Ibby	McClure	43646	889
407	Florie	Scimoni	39249	889
408	Jody	Le Noire	40530	889
409	Cassy	Goudman	47447	889
410	Meghan	Smardon	41957	889
411	Hewet	Lemmon	45483	889
412	Theodore	Masdin	41688	889
413	Karyn	Haggis	36495	889
414	Dannel	Ottam	36878	889
415	Jacquenetta	Ransom	49171	889
416	Nev	Gentiry	42020	889
418	Chiarra	Pulsford	39358	889
419	Kerry	Tayt	49258	889
420	Myer	Bottrill	41742	889
421	Nathanael	Bunting	43583	889
422	Son	Keenor	49311	889
423	Corissa	Whitemarsh	49656	889
424	Harrietta	Hyams	40789	889
425	Gus	Baldoni	42999	889
426	Anjanette	Tunnow	43757	889
427	Nanete	Agates	40910	889
428	Elfie	Stanluck	35384	889
429	Oliviero	Ingleby	44785	889
430	Silas	Scudders	36143	889
431	Minda	Delacourt	40956	889
432	Lydon	Colbourn	36910	889
433	Gale	Kreuzer	36917	889
434	Dyann	Bust	40893	889
435	Baldwin	Killerby	35461	889
436	Trey	Shoebottom	36031	889
437	Nita	Linforth	46043	889
438	Yorgo	Hucklesby	49375	889
439	Tiffanie	Tinham	41617	889
440	Amandi	Fairfoot	36046	889
441	Keir	Myner	47383	889
442	Vernor	Aloway	38554	889
443	Casie	Cartmer	40012	889
444	Elsbeth	Siebert	49587	889
445	Jo-ann	Benettolo	37391	889
446	Mischa	Rey	47213	889
447	Charita	Emmanuele	44710	889
448	Berry	Tremathack	41670	889
449	Victor	Stanfield	49213	889
450	Murdock	Stanmer	48998	889
451	Iosep	Leppo	40759	889
452	Clare	Kops	35282	889
453	Evelyn	Pick	47270	889
454	Tarra	Ludvigsen	48979	889
455	Abrahan	Panniers	35769	889
456	Tedda	Bedingfield	43239	889
457	Malissa	Marousek	44749	889
458	Jaine	Huscroft	47232	889
459	Jarrod	Howsego	46649	889
460	Barbette	Ebbotts	40572	889
461	Laverne	Hartridge	44299	889
462	Bernadine	Brunetti	38297	889
463	Casandra	Cheeney	46124	889
464	Tessie	Rubenovic	45679	889
465	Nichols	Chamberlen	41007	889
466	Damon	Well	49699	889
467	Geoffry	Osboldstone	39871	889
468	Monique	Saffon	37413	889
469	Sandro	Taggerty	44176	889
470	Leonora	MacKnockiter	36977	889
471	Lauritz	Vine	38296	889
472	Mike	Watmough	40300	889
473	Godfree	Wescott	44708	889
474	Benedikta	Grene	41488	889
475	Dwayne	Dullard	45714	889
476	Kandy	Jedrzejkiewicz	40503	889
477	Nickolai	Elsdon	38286	889
478	Karleen	Cornelis	48210	889
479	Alix	Kenford	40534	889
480	Kaleb	McCullock	47608	889
481	Bone	Babbe	36075	889
482	Hank	Berriman	42935	889
483	Gael	Blanque	36417	889
484	Tremayne	Hibling	49169	889
485	Vivi	Moxon	43218	889
486	Madel	Espasa	40706	889
487	Hilliary	Eaglestone	40171	889
488	Angelina	Fryett	38183	889
489	Denny	Lally	37310	889
490	Nilson	L'Archer	48413	889
491	Darcee	Stollhofer	35673	889
492	Maddie	Alebrooke	48705	889
493	Nevin	Murtimer	36533	889
494	Gawain	Hirth	45128	889
495	Tucker	Doylend	40598	889
496	Alessandro	Meneghi	39069	889
497	Waly	Swede	42674	889
498	Skell	Colkett	36346	889
499	Hubert	Pharoah	42235	889
500	Allis	Bishopp	49067	889
501	Levey	Calveley	43925	889
502	Marie-ann	Casaccia	45517	889
503	Normand	Schroter	38971	889
504	Katie	Eskriett	49761	889
505	Onfre	Klink	44363	889
506	Carmella	Risborough	44858	889
507	Nappie	MacKellar	47778	889
508	Dieter	Johann	38869	889
509	Janeczka	Bridden	46194	889
510	Davie	Kilgour	36653	889
511	Costanza	Kensley	41524	889
512	Nathaniel	Backes	44086	889
513	Kimmy	Guwer	36592	889
514	Wilek	Copsey	47078	889
515	Alicia	Fenich	40681	889
516	Leif	Saltmarsh	45654	889
517	Murry	Buttrey	36494	889
518	Kele	Morsey	43062	889
519	Johnath	Fotitt	40407	889
520	Davine	Dukesbury	41895	889
521	Kermit	Harback	44699	889
522	Prent	Hendrick	49011	889
523	Sawyer	Sheahan	38758	889
524	Manolo	Adamovicz	49400	889
525	Humbert	Jory	48791	889
526	Cortney	MacAvddy	37000	889
527	Meredithe	Turbard	45386	889
528	Florencia	Fillery	47539	889
529	Corry	Walshe	36510	889
530	Hermina	Brasener	40901	889
531	Dionisio	Bromage	40146	889
532	Dyna	Elsie	35191	889
533	Cordy	Pollicote	37619	889
534	Legra	MacPaike	41047	889
535	Jobi	Whitnell	45494	889
536	Kordula	Highway	35753	889
537	Brenna	Gudd	49824	889
538	Berti	Slatter	40315	889
539	Rosalind	Ashall	42660	889
540	Tyson	Convery	42906	889
541	Fredrick	Sammut	41985	889
542	Adrienne	Du Pre	40918	889
543	Stan	Growcock	39816	889
544	Juieta	MacKnockiter	39535	889
545	Tove	Dregan	47447	889
546	Nicole	Knobell	41667	889
547	Gilbertina	Winship	42773	889
548	Rebecka	Pordall	41653	889
549	Andrew	Latan	42533	889
550	May	Adan	35896	889
551	Lauralee	Scamadin	48035	889
552	Raffaello	Tribble	44156	889
553	Tamar	Keenlyside	40040	889
554	Michaella	Searchfield	47642	889
555	Anatole	Issacov	41129	889
556	Helenelizabeth	Simkins	49603	889
557	Channa	Bern	41061	889
558	Fairleigh	Hollingshead	37668	889
559	Georgena	Dudley	40136	889
560	Webb	Hartmann	46391	889
561	Casper	Leatt	41796	889
562	Dominica	Congreave	47862	889
563	Carri	Pieter	42099	889
564	Marylinda	Adamovich	35634	889
565	Kynthia	Cottesford	44948	889
566	Sallie	Tabert	43575	889
567	Debbi	Merrell	40832	889
568	Elbertina	Nano	48536	889
569	Sherilyn	Sturmey	44961	889
570	Neely	Dudmarsh	44370	889
571	Cristin	Pashen	35275	889
572	Martha	Hub	48081	889
573	Minnie	Glawsop	36179	889
574	Malinda	Warrington	42161	889
575	Iormina	Dillicate	37688	889
576	Fairlie	Pearse	37639	889
577	Jarrod	Harrell	46214	889
578	Leroy	Jorge	41805	889
579	Saxon	Baldini	47110	889
580	Clemente	Axby	42567	889
581	Gordan	Jarmain	40339	889
582	Ilka	Thalmann	47497	889
583	Caroline	Scare	47793	889
584	Beau	Keyme	41808	889
585	Gaye	Theodore	41028	889
586	Templeton	Stealfox	42777	889
587	Erich	Olohan	40975	889
588	Jenine	Elacoate	45740	889
589	Rita	Beamiss	40246	889
590	Neala	Sirmon	49091	889
591	Renaldo	O'Feeney	45943	889
592	Irita	Goodey	37270	889
593	Walliw	Hamson	46380	889
594	Andeee	Hoppner	35767	889
595	Trina	Jann	43927	889
596	Arnaldo	Steddall	49347	889
597	Emelda	Oven	36784	889
598	Maxi	Shutler	41270	889
599	Gisela	Dinsdale	37846	889
600	Marybelle	Carlucci	47205	889
601	Twyla	Burfield	47449	889
602	Eadie	Rockingham	48877	889
603	Taddeusz	Halpeine	48196	889
604	Corbie	Kidby	44832	889
605	Caterina	Caustic	35958	889
606	Sula	Sprowell	44639	889
607	Alick	Babin	49652	889
608	Regina	Ivett	36126	889
609	Frederich	Heymann	40380	889
610	Shirleen	Ketchell	43022	889
611	Lorrayne	Egell	35121	889
612	Osborn	Meins	42247	889
613	Rosanna	Castard	41296	889
614	Terencio	Hunnawill	47723	889
615	Sayre	Domanek	45351	889
616	Nolan	Bednell	41897	889
617	Irv	Buddle	40657	889
618	Lotti	Bassil	37637	889
619	Karole	Dawe	48719	889
620	Natasha	Eplett	48899	889
621	Pauly	Matijasevic	39350	889
622	Francesco	Lindwasser	49126	889
623	Tito	Flaunier	41099	889
624	Archibald	MacKaig	41127	889
625	Luther	Pinchon	35228	889
626	Ludvig	Keyzor	45623	889
627	Magdalen	Broschke	45371	889
628	Brooke	Le Prevost	47745	889
629	Rhea	Britton	38355	889
630	Melony	Beadnell	44419	889
631	Saraann	Dalman	45388	889
632	Daniel	Spilsted	47947	889
633	Marinna	Rathke	46215	889
634	Blayne	Brunner	37198	889
635	Frazier	Minnette	45362	889
636	Aretha	Southouse	43080	889
637	Timmy	Lace	35918	889
638	Hamid	Burtenshaw	47647	889
639	Jeddy	Bergstrand	46242	889
640	Pascale	Arnaldi	45781	889
641	Burgess	Walworth	39796	889
642	Kacy	Coulthard	49424	889
643	Rudiger	Harwood	45950	889
644	Virginia	Allderidge	36622	889
645	Keely	Koeppke	41085	889
646	Gannie	Spur	44656	889
647	Gene	Bartolomucci	36135	889
648	Rycca	Limbrick	41906	889
649	Romona	Ferronel	35761	889
650	Wileen	Agron	39513	889
651	Skippy	Chrystie	49545	889
652	Gustaf	La Croce	35539	889
653	Jamima	Eacle	44155	889
654	Zonnya	Lockless	44589	889
655	Libbie	Kyte	47291	889
656	Meggy	Vignaux	40141	889
657	Ola	Pordal	36141	889
658	Kile	Meneghelli	35624	889
659	Ade	Shardlow	39283	889
660	Dexter	Blackie	35472	889
661	Kevin	Wheeliker	44275	889
662	Cullin	Tomas	46624	889
663	Wrennie	Fantham	49221	889
664	Dore	Porrett	43127	889
665	Fielding	Clemenzi	40430	889
666	Waiter	Ashenhurst	43562	889
667	Darby	Shatliffe	47816	889
668	Birgitta	Dealtry	41013	889
669	Augustus	Crasswell	40044	889
670	Pansy	Lello	46575	889
671	Mellicent	Kleinsmuntz	42004	889
672	Lani	Melly	47161	889
673	Audra	Wardhaw	35032	889
674	Reilly	Hackworth	41876	889
675	Koo	Laval	38534	889
676	Haley	Baybutt	43476	889
677	Viviyan	Zecchini	42200	889
678	Inesita	Glanvill	47227	889
679	Quintana	Tethacot	37724	889
680	Zacharia	Coatsworth	39574	889
681	Danie	Isaq	40837	889
682	Skye	Mebs	46024	889
683	Beulah	Kernes	41695	889
684	Benjy	Maddams	41223	889
685	Roxana	McIlvenna	49878	889
686	Linet	Sleaford	37189	889
687	Kelbee	Whitelaw	48758	889
688	Licha	Grouer	41114	889
689	Odette	Claremont	40136	889
690	Kim	Makeswell	39697	889
691	Georg	Cockran	40974	889
692	Sybila	Meriet	46068	889
693	Noelani	Yesson	37930	889
694	Roma	Baus	35748	889
695	Ahmed	Moukes	45266	889
696	Lisette	Persehouse	43720	889
697	Goraud	O' Flaherty	37550	889
698	Row	Budden	38093	889
699	Darrel	Stourton	43929	889
700	Linn	Avramovitz	35645	889
701	Lexine	Applebee	47423	889
702	Joe	Renvoys	40590	889
703	Silvester	Mauchlen	35180	889
704	Berton	Klulicek	42533	889
705	Joannes	Wealleans	49167	889
706	Mordy	Mieville	43768	889
707	Carola	Codling	37589	889
708	Cherrita	Arlett	45873	889
709	Helga	Tuftin	49582	889
710	Sacha	Cranson	36352	889
711	Minne	Challenger	43317	889
712	Marketa	Shilstone	49812	889
713	Penrod	Filipson	49668	889
714	Morten	Brewin	40803	889
715	Anthia	Hoffmann	38023	889
716	Nikola	Pitsall	44885	889
717	Arlyne	Millom	45309	889
718	Claudell	Leggis	44824	889
719	Lamond	Mixworthy	36883	889
720	Merci	Stoyles	42826	889
721	Sigismond	Purser	43997	889
722	Louisette	Dyett	37339	889
723	Buddy	Sinnett	45189	889
724	Charles	Benning	35024	889
725	Amalle	Heavy	47720	889
726	Tommi	McNee	47116	889
727	Halimeda	Scoggins	42679	889
728	Ruddie	Robotham	42581	889
729	Gabie	Ickovicz	47890	889
730	Loella	Fenlon	35038	889
731	Mufi	Mocher	46655	889
732	Solomon	Schneidar	37658	889
733	Jo-anne	Weyman	39177	889
734	Gerda	Havercroft	39439	889
735	Holly	Izkovitz	46599	889
736	Irwinn	Lawrenz	45530	889
737	Perry	Seeds	45478	889
738	Edouard	Puleston	36816	889
739	Kamillah	Buckberry	45960	889
740	Celestina	Bernardino	46738	889
741	Tam	Petera	46840	889
742	Dorian	Salzberger	42064	889
743	Bobby	Soro	38784	889
744	Malvin	McHaffy	46201	889
745	Joya	Avis	42229	889
746	Theodosia	Benck	36126	889
747	Bel	Mongain	38313	889
748	Darrell	Halle	41117	889
749	Damon	Ovens	36927	889
750	Karoly	Bigmore	35759	889
751	Irita	Passy	37749	889
752	Timothy	Trenear	49859	889
753	Dyana	Village	42503	889
754	Vito	Maypowder	37276	889
755	Henrie	Kerins	38226	889
756	Teodora	Carlett	37764	889
757	Alix	Sweedland	37653	889
758	Almeta	Doyley	41439	889
759	Jamill	Robrow	44240	889
760	Ranice	Renvoys	41049	889
761	Mollee	Gough	38242	889
762	Krissy	Hearson	41663	889
763	Rockwell	Baddoe	35290	889
764	Wini	Bew	38019	889
765	Letti	Brookes	49143	889
766	Arvin	Bradborne	46867	889
767	Dorolisa	Cage	40258	889
768	Angelo	Mosdell	46010	889
769	Gothart	Asbury	43564	889
770	Abran	Eagger	49444	889
771	Elsa	Berrigan	45875	889
772	Diahann	Nacey	47092	889
773	Robbin	Gendrich	35598	889
774	Aurelie	Ritchman	49129	889
775	Corene	Glasper	45786	889
776	Milty	Mercer	44587	889
777	Tallulah	Babbs	44405	889
778	Kelsy	Smythin	49970	889
779	Audie	Gooders	39855	889
780	Byram	Durnford	37990	889
781	Randee	Broy	40501	889
782	Inger	Pickston	38175	889
783	Aldis	Franklyn	40130	889
784	Vale	Leagas	35378	889
785	Jeff	Lacelett	37809	889
786	Liana	Dowson	37425	889
787	Valina	Cristofano	42692	889
789	Jinny	Stoppard	44803	889
790	Moria	Widdowes	35013	889
791	Josephina	Glisane	41576	889
792	Angie	Heinish	41405	889
793	Nancy	Halm	47051	889
794	Sascha	Ruffli	35343	889
795	Brittany	Tissell	44243	889
796	Corty	Brodway	38870	889
797	Neddie	Getten	40764	889
798	Hunter	Lescop	43158	889
799	Robbert	Paulo	48111	889
800	Hannis	Breeds	47643	889
801	Cinderella	Giacubo	46379	889
802	Weylin	Tame	35199	889
803	Valencia	Faherty	36577	889
804	Happy	Barfford	45434	889
805	Maria	Mannering	40431	889
806	Vicky	De Biasi	38669	889
807	Talya	Suart	48464	889
808	Doyle	Disney	36261	889
809	Anna-maria	Rubinsky	37975	889
810	Rodina	Gooding	39995	889
811	Pepita	Tagg	48787	889
812	Wilbur	Walster	47896	889
813	Peyton	Ashbee	47660	889
814	Baxie	Giacubo	42578	889
815	Silvia	Meharg	41443	889
816	Cilka	Tomich	40388	889
817	Ilsa	Josefer	43507	889
818	Ellie	Barfitt	48666	889
819	Dougie	McNamee	37385	889
820	Marcile	Francesch	38059	889
821	Tyne	Clubb	46112	889
822	Tristan	Brettle	39645	889
823	Lem	Hannigan	47701	889
824	Jen	Fasham	42653	889
825	Katusha	Geydon	48612	889
826	Ebony	Sibbons	36331	889
827	Briana	Aspin	46320	889
828	Jeffry	Croix	36205	889
829	Gram	Davis	47727	889
830	Alexina	Schach	49310	889
831	Berkley	Murcutt	41548	889
832	Coop	Kingaby	35703	889
833	Erskine	O' Shea	40681	889
834	Gabriela	Colbrun	43757	889
835	Odey	Wasbey	40847	889
836	Lotte	Masdin	35782	889
837	Jedidiah	Tuft	41915	889
838	Arlen	Blondelle	38287	889
839	Mirabel	Antonignetti	36214	889
840	Dennis	Huckstepp	48235	889
841	Elysia	Germon	43415	889
842	Jeanelle	Spurrier	41981	889
843	Ty	Penrose	39693	889
844	Vernon	Strother	48923	889
845	Mellicent	Otham	49961	889
846	Leyla	Wingrove	49592	889
847	Annamarie	Leguay	39141	889
848	Rita	Rein	41944	889
849	Shannah	De Michetti	45844	889
850	Benoite	Somerton	39917	889
851	Jethro	Albutt	44831	889
852	Klement	Fulmen	41454	889
853	Charyl	Penhaleurack	42054	889
854	Kiele	Mulder	44823	889
855	Estrella	Cowely	39390	889
856	Rosalinda	Soldan	47153	889
857	Price	Byres	38826	889
858	Jed	Featherstonehaugh	43715	889
859	Lissi	Benoi	43018	889
860	Rosamond	Wadesworth	36814	889
861	Tobiah	Goby	45818	889
862	Bettina	Rampton	40306	889
863	Leanora	Gerardot	37088	889
864	Luz	Acarson	47583	889
865	Pren	Reely	48412	889
866	Boyce	Errichi	46951	889
885	Dre	Burne	49658	889
886	Debor	Cleminson	49651	889
887	Ginnie	Czajkowska	41866	889
888	Tobye	Riddick	40588	889
890	Byrle	Outibridge	37047	889
891	Ashlin	Vanichkin	39334	889
892	Ardeen	Abramowitch	42013	889
893	Ryan	Bowry	43519	889
894	Alix	Blagdon	45034	889
895	Cheryl	Casaletto	38751	889
896	Llewellyn	Crampin	38512	889
897	Ceciley	Overthrow	41472	889
898	Rafe	Rolstone	42389	889
899	Kristyn	McLucky	45213	889
900	Anson	Croan	44950	889
901	Culver	Winear	47173	889
902	Brigham	McLardie	35685	889
903	Dore	Dunkley	44899	889
904	Drud	Lightwood	35947	889
905	Thom	Doudney	46566	889
906	Alexia	Pringle	42091	889
907	Jodi	Beernt	48474	889
908	Pierrette	Diggar	47096	889
909	Ethelyn	Pulbrook	42544	889
910	Natty	Dooney	48842	889
911	Wynnie	Shoreman	45219	889
912	Philippa	Dand	35234	889
913	Shani	Blunt	36252	889
914	Sollie	Janik	37980	889
915	Alessandra	Wiffler	35301	889
916	Vinnie	Hartgill	36587	889
917	Kev	Thaxton	42377	889
918	Casi	Bloxsome	47008	889
919	Roch	Venmore	48319	889
920	Maje	Joselin	42777	889
921	Joelynn	Sokill	42145	889
922	Burgess	Brunon	36177	889
923	Briana	Craggs	45585	889
924	Inglis	Michael	35642	889
925	Danni	Fellona	38829	889
926	Ailyn	Bougen	35305	889
927	Eimile	Dudeney	49646	889
928	Danna	Longcake	45009	889
929	Frants	Estable	42443	889
930	Cassey	Helkin	37116	889
931	Jessalin	Gasnoll	41650	889
932	Aurthur	Kerrigan	37862	889
933	Lonnard	Donnel	43013	889
934	Rory	Naerup	36027	889
935	Diane	Nunns	40836	889
936	Erminia	Spaxman	45991	889
937	Kele	Scamel	37915	889
938	Janene	Borland	35231	889
939	Lilia	Faithfull	44849	889
940	Christine	Doche	43628	889
941	Nester	Carmen	46815	889
942	Fredra	Dearsley	38183	889
943	Arabelle	Lavell	47551	889
944	Zenia	Poschel	40794	889
945	Benito	Canti	36486	889
946	Cairistiona	Awde	36879	889
947	Sandy	Etty	41641	889
948	Shirleen	Levett	36382	889
949	Ula	Ismay	39320	889
950	Ives	Puig	42470	889
951	Rourke	Brimilcombe	36743	889
952	Carolyn	MacColgan	41814	889
953	Loraine	McOrkil	38430	889
954	Renate	Bartolomeazzi	46746	889
955	Ulric	McVitty	38732	889
417	Troy	Twidale	47097	889
867	Noni	Aiton	42905	889
868	Ethyl	Mynott	41863	889
869	Daffy	Jessopp	40280	889
870	Kathy	Ledgeway	38165	889
871	Krispin	Biddleston	35025	889
872	Nana	Howle	38091	889
873	Carolee	Reichhardt	37976	889
874	Reginauld	Zanazzi	40175	889
875	Deva	Karlik	35976	889
876	Mart	Ridett	44254	889
877	Filberto	Tacey	37921	889
878	Kizzie	Scritch	45613	889
879	Barbra	Blackall	35061	889
880	Pascal	Compston	47837	889
881	Tara	Frosch	49622	889
882	Garwood	Churn	37029	889
883	Tiffy	Brewood	48938	889
884	Lois	Boughtwood	35569	889
956	Chick	Carvell	43854	889
957	Eddy	Hallgarth	44816	889
958	Katine	Adamo	46506	889
959	Joshua	Wardale	40249	889
960	Saloma	Spillane	38522	889
961	Fred	Thombleson	43698	889
962	Saunder	Blazeby	38831	889
963	Dari	Tandy	49583	889
964	Stanley	Shead	47609	889
965	Susana	Scotchmer	42471	889
966	Nathalie	Jennions	46273	889
967	Susannah	Baldacco	44909	889
968	Samantha	Marvell	45108	889
969	Rodrigo	Wishkar	38545	889
970	Fairleigh	Gaythor	43245	889
971	Bancroft	Josh	47239	889
972	Anderea	Boich	46494	889
973	Jada	Whales	44680	889
974	Jolynn	Burgin	42520	889
975	Mandy	Mechem	40109	889
976	Desi	Wilbud	49740	889
977	Juliet	Micka	40312	889
978	Ricky	Andri	44283	889
979	Godiva	Gratland	45873	889
980	Pierson	Keddy	49808	889
981	Starla	Signori	36338	889
982	Paxton	Scothorne	40468	889
983	Feodor	Tregonna	46611	889
984	Damien	Savary	44067	889
985	Ransell	Thomen	47033	889
986	Lorrie	Gludor	48878	889
987	Lydie	Gregson	40730	889
988	Patti	Tullett	49165	889
989	Blanche	Leahair	41398	889
990	Marion	Grain	42368	889
991	Sosanna	Gregorin	45888	889
992	Aggy	Lingfoot	46814	889
993	Bartlett	Woolrich	37452	889
994	Nadia	Fourmy	47174	889
995	Tallia	Ewart	43317	889
996	Sherry	Arnull	44191	889
997	Sherill	Haukey	35539	889
998	Cece	Scuffham	40499	889
999	Phyllida	Rabley	36894	889
1000	Gal	Watkiss	41108	889
\.


--
-- TOC entry 2910 (class 0 OID 0)
-- Dependencies: 209
-- Name: check_name_student_id_seq; Type: SEQUENCE SET; Schema: public; Owner: postgres
--

SELECT pg_catalog.setval('public.check_name_student_id_seq', 1, false);


--
-- TOC entry 2911 (class 0 OID 0)
-- Dependencies: 205
-- Name: student_approval_student_id_seq; Type: SEQUENCE SET; Schema: public; Owner: postgres
--

SELECT pg_catalog.setval('public.student_approval_student_id_seq', 1, true);


--
-- TOC entry 2912 (class 0 OID 0)
-- Dependencies: 204
-- Name: students_student_id; Type: SEQUENCE SET; Schema: public; Owner: postgres
--

SELECT pg_catalog.setval('public.students_student_id', 39, true);


SET default_tablespace = '';

--
-- TOC entry 2747 (class 2606 OID 17269)
-- Name: groups m_groups_pkey; Type: CONSTRAINT; Schema: public; Owner: postgres
--

ALTER TABLE ONLY public.groups
    ADD CONSTRAINT m_groups_pkey PRIMARY KEY (id);


--
-- TOC entry 2751 (class 2606 OID 17279)
-- Name: marks marks_pkey; Type: CONSTRAINT; Schema: public; Owner: postgres
--

ALTER TABLE ONLY public.marks
    ADD CONSTRAINT marks_pkey PRIMARY KEY (id);


--
-- TOC entry 2755 (class 2606 OID 18008)
-- Name: student_approval student_approval_pkey; Type: CONSTRAINT; Schema: public; Owner: postgres
--

ALTER TABLE ONLY public.student_approval
    ADD CONSTRAINT student_approval_pkey PRIMARY KEY (student_id);


--
-- TOC entry 2743 (class 2606 OID 17535)
-- Name: students students_pkey; Type: CONSTRAINT; Schema: public; Owner: postgres
--

ALTER TABLE ONLY public.students
    ADD CONSTRAINT students_pkey PRIMARY KEY (id);


--
-- TOC entry 2753 (class 2606 OID 17424)
-- Name: sub_teach subject_teacher_pkey; Type: CONSTRAINT; Schema: public; Owner: postgres
--

ALTER TABLE ONLY public.sub_teach
    ADD CONSTRAINT subject_teacher_pkey PRIMARY KEY (subject_id, teacher_id, group_id);


--
-- TOC entry 2749 (class 2606 OID 17274)
-- Name: subjects subjects_pkey; Type: CONSTRAINT; Schema: public; Owner: postgres
--

ALTER TABLE ONLY public.subjects
    ADD CONSTRAINT subjects_pkey PRIMARY KEY (id);


--
-- TOC entry 2745 (class 2606 OID 17264)
-- Name: teachers teachers_pkey; Type: CONSTRAINT; Schema: public; Owner: postgres
--

ALTER TABLE ONLY public.teachers
    ADD CONSTRAINT teachers_pkey PRIMARY KEY (id);


--
-- TOC entry 2765 (class 2620 OID 18243)
-- Name: marks check_mark_before_insert; Type: TRIGGER; Schema: public; Owner: postgres
--

CREATE TRIGGER check_mark_before_insert BEFORE INSERT ON public.marks FOR EACH ROW EXECUTE PROCEDURE public.autocorrect_mark();


--
-- TOC entry 2763 (class 2620 OID 18214)
-- Name: students check_student_before_insert; Type: TRIGGER; Schema: public; Owner: postgres
--

CREATE TRIGGER check_student_before_insert BEFORE INSERT ON public.students FOR EACH ROW EXECUTE PROCEDURE public.autocorrect_name();


--
-- TOC entry 2764 (class 2620 OID 18219)
-- Name: students check_student_before_insert1; Type: TRIGGER; Schema: public; Owner: postgres
--

CREATE TRIGGER check_student_before_insert1 BEFORE INSERT ON public.students FOR EACH ROW EXECUTE PROCEDURE public.autocorrect_name_upper();


--
-- TOC entry 2762 (class 2620 OID 18029)
-- Name: students student_audit; Type: TRIGGER; Schema: public; Owner: postgres
--

CREATE TRIGGER student_audit AFTER INSERT OR DELETE OR UPDATE ON public.students FOR EACH ROW EXECUTE PROCEDURE public.process_student_audit();


--
-- TOC entry 2766 (class 2620 OID 18014)
-- Name: vw_students trigger_vw_students; Type: TRIGGER; Schema: public; Owner: postgres
--

CREATE TRIGGER trigger_vw_students INSTEAD OF INSERT ON public.vw_students FOR EACH ROW EXECUTE PROCEDURE public.approve_student_func();


--
-- TOC entry 2758 (class 2606 OID 17536)
-- Name: marks fk_mark_student; Type: FK CONSTRAINT; Schema: public; Owner: postgres
--

ALTER TABLE ONLY public.marks
    ADD CONSTRAINT fk_mark_student FOREIGN KEY (student_id) REFERENCES public.students(id);


--
-- TOC entry 2757 (class 2606 OID 17465)
-- Name: marks fk_mark_subject; Type: FK CONSTRAINT; Schema: public; Owner: postgres
--

ALTER TABLE ONLY public.marks
    ADD CONSTRAINT fk_mark_subject FOREIGN KEY (subject_id) REFERENCES public.subjects(id);


--
-- TOC entry 2756 (class 2606 OID 17455)
-- Name: students fk_student_group; Type: FK CONSTRAINT; Schema: public; Owner: postgres
--

ALTER TABLE ONLY public.students
    ADD CONSTRAINT fk_student_group FOREIGN KEY (s_group) REFERENCES public.groups(id);


--
-- TOC entry 2760 (class 2606 OID 17445)
-- Name: sub_teach fkey_subteach_g; Type: FK CONSTRAINT; Schema: public; Owner: postgres
--

ALTER TABLE ONLY public.sub_teach
    ADD CONSTRAINT fkey_subteach_g FOREIGN KEY (group_id) REFERENCES public.groups(id) ON DELETE CASCADE;


--
-- TOC entry 2759 (class 2606 OID 17440)
-- Name: sub_teach fkey_subteach_su; Type: FK CONSTRAINT; Schema: public; Owner: postgres
--

ALTER TABLE ONLY public.sub_teach
    ADD CONSTRAINT fkey_subteach_su FOREIGN KEY (subject_id) REFERENCES public.subjects(id);


--
-- TOC entry 2761 (class 2606 OID 17450)
-- Name: sub_teach fkey_subteach_t; Type: FK CONSTRAINT; Schema: public; Owner: postgres
--

ALTER TABLE ONLY public.sub_teach
    ADD CONSTRAINT fkey_subteach_t FOREIGN KEY (teacher_id) REFERENCES public.teachers(id) ON DELETE CASCADE;


-- Completed on 2020-01-16 22:04:12

--
-- PostgreSQL database dump complete
--

